订单ID,用户ID,用户名,门票名,下单时间,数量,金额,状态
O000001,U001,陶荣,成人票,2024-10-31 08:17:00,2,324.00,completed
O000002,U002,盛丽,成人票,2024-08-29 10:13:00,1,130.05,completed
O000003,U002,盛丽,老人票,2024-08-09 11:22:00,1,108.00,completed
O000004,U002,盛丽,儿童票,2024-07-15 06:11:00,1,81.00,completed
O000005,U002,盛丽,儿童票,2024-11-07 03:28:00,5,405.00,completed
O000006,U002,盛丽,儿童票,2024-12-01 12:24:00,1,81.00,completed
O000007,U003,管军,成人票,2024-08-17 07:50:00,4,648.00,completed
O000008,U003,管军,老人票,2025-01-26 09:45:00,1,108.00,completed
O000009,U003,管军,老人票,2025-04-11 07:16:00,5,456.33,completed
O000010,U003,管军,团体票,2025-02-20 04:16:00,14,2016.00,completed
O000011,U003,管军,老人票,2024-09-14 05:40:00,2,216.00,completed
O000012,U003,管军,成人票,2025-02-18 03:44:00,2,324.00,completed
O000013,U003,管军,儿童票,2025-04-24 08:08:00,3,243.00,completed
O000014,U003,管军,儿童票,2024-12-12 09:14:00,4,324.00,completed
O000015,U004,于玉英,成人票,2024-09-14 05:45:00,1,162.00,completed
O000016,U004,于玉英,老人票,2024-08-04 11:19:00,5,482.35,completed
O000017,U004,于玉英,VIP票,2025-04-30 11:35:00,5,1260.00,canceled
O000018,U004,于玉英,儿童票,2024-05-07 03:21:00,5,405.00,completed
O000019,U004,于玉英,老人票,2024-12-25 10:45:00,2,216.00,completed
O000020,U005,虞英,成人票,2024-07-25 04:44:00,3,486.00,completed
O000021,U006,西磊,成人票,2024-11-16 09:47:00,2,292.49,canceled
O000022,U007,慕磊,成人票,2025-01-08 04:25:00,3,486.00,completed
O000023,U008,郏玉梅,成人票,2024-09-26 03:09:00,2,324.00,completed
O000024,U008,郏玉梅,老人票,2024-07-21 08:47:00,3,324.00,completed
O000025,U008,郏玉梅,成人票,2024-09-13 05:22:00,4,648.00,completed
O000026,U009,车建华,儿童票,2024-12-02 02:18:00,2,136.63,completed
O000027,U010,边洋,成人票,2024-09-27 06:26:00,1,162.00,completed
O000028,U011,司洋,成人票,2024-11-15 04:32:00,3,486.00,completed
O000029,U012,温宇,成人票,2025-04-01 10:40:00,2,324.00,completed
O000030,U013,米秀华,成人票,2024-09-11 08:48:00,2,324.00,completed
O000031,U014,于建,成人票,2024-05-27 08:05:00,1,162.00,completed
O000032,U015,汤旭,学生票,2025-01-15 10:32:00,2,270.00,completed
O000033,U015,汤旭,儿童票,2024-06-08 04:47:00,2,162.00,completed
O000034,U015,汤旭,儿童票,2024-09-21 10:58:00,3,197.03,completed
O000035,U015,汤旭,老人票,2025-01-26 04:35:00,3,324.00,completed
O000036,U015,汤旭,学生票,2025-03-10 08:17:00,1,135.00,completed
O000037,U016,洪杰,学生票,2024-12-02 09:10:00,4,540.00,completed
O000038,U016,洪杰,学生票,2024-10-21 03:37:00,3,405.00,completed
O000039,U016,洪杰,夜场票,2024-05-20 03:18:00,2,180.00,completed
O000040,U016,洪杰,老人票,2024-09-20 08:45:00,5,540.00,completed
O000041,U016,洪杰,成人票,2024-12-07 11:28:00,5,810.00,completed
O000042,U016,洪杰,学生票,2025-04-26 08:41:00,5,675.00,completed
O000043,U016,洪杰,夜场票,2024-10-01 12:49:00,3,270.00,completed
O000044,U016,洪杰,夜场票,2024-08-29 09:07:00,1,90.00,completed
O000045,U016,洪杰,成人票,2025-01-14 05:54:00,3,486.00,completed
O000046,U017,左婷婷,成人票,2024-08-08 08:27:00,3,486.00,completed
O000047,U018,亢雷,成人票,2025-03-18 03:55:00,4,648.00,completed
O000048,U018,亢雷,成人票,2024-05-11 11:08:00,3,486.00,completed
O000049,U018,亢雷,成人票,2024-07-29 07:14:00,1,162.00,completed
O000050,U019,牟秀云,儿童票,2024-05-30 07:36:00,2,162.00,completed
O000051,U020,南志强,儿童票,2025-03-07 03:08:00,1,81.00,completed
O000052,U021,驷岩,成人票,2025-03-02 11:28:00,3,486.00,completed
O000053,U022,茹瑞,老人票,2025-01-01 10:58:00,1,108.00,completed
O000054,U022,茹瑞,成人票,2025-03-14 06:30:00,4,648.00,completed
O000055,U023,延静,成人票,2024-06-08 10:03:00,1,162.00,completed
O000056,U024,长勇,成人票,2024-09-30 11:02:00,1,131.60,completed
O000057,U025,袁云,成人票,2025-03-10 05:25:00,4,648.00,completed
O000058,U025,袁云,成人票,2025-04-23 05:28:00,1,162.00,completed
O000059,U025,袁云,VIP票,2024-11-22 03:03:00,3,756.00,completed
O000060,U026,卜婷婷,成人票,2024-09-10 03:18:00,1,162.00,completed
O000061,U027,宫淑华,成人票,2025-04-09 05:23:00,3,486.00,completed
O000062,U028,宓玉,学生票,2024-05-13 09:58:00,2,270.00,completed
O000063,U029,干娟,成人票,2024-08-14 04:45:00,3,486.00,completed
O000064,U030,蒯平,成人票,2024-05-08 09:36:00,2,324.00,completed
O000065,U031,人玉华,成人票,2025-01-12 03:29:00,3,486.00,completed
O000066,U031,人玉华,VIP票,2025-03-02 04:23:00,2,465.68,completed
O000067,U031,人玉华,夜场票,2024-09-30 09:11:00,4,360.00,completed
O000068,U031,人玉华,成人票,2024-09-30 11:38:00,1,162.00,completed
O000069,U031,人玉华,VIP票,2024-07-04 11:02:00,2,504.00,completed
O000070,U032,冶帆,儿童票,2024-10-19 03:48:00,1,66.35,completed
O000071,U032,冶帆,儿童票,2025-02-03 06:29:00,1,81.00,completed
O000072,U032,冶帆,老人票,2024-11-06 06:18:00,3,324.00,completed
O000073,U032,冶帆,VIP票,2024-07-08 11:45:00,5,1260.00,completed
O000074,U032,冶帆,学生票,2024-08-31 03:28:00,1,135.00,completed
O000075,U033,齐淑珍,儿童票,2024-07-27 05:54:00,1,81.00,completed
O000076,U034,尤瑜,学生票,2025-04-28 04:19:00,2,270.00,completed
O000077,U035,有坤,成人票,2025-03-04 03:41:00,1,162.00,completed
O000078,U035,有坤,成人票,2024-08-05 05:40:00,2,324.00,completed
O000079,U035,有坤,儿童票,2024-06-29 07:31:00,5,405.00,completed
O000080,U036,冉丽华,成人票,2024-05-23 09:13:00,2,267.89,completed
O000081,U037,叔鹏,成人票,2024-05-13 03:57:00,1,162.00,canceled
O000082,U038,司波,成人票,2024-10-08 04:05:00,3,486.00,completed
O000083,U039,陶凤英,团体票,2024-10-08 11:58:00,3,432.00,completed
O000084,U039,陶凤英,儿童票,2025-01-20 10:33:00,5,405.00,completed
O000085,U039,陶凤英,学生票,2024-11-16 10:58:00,1,135.00,completed
O000086,U039,陶凤英,VIP票,2024-08-27 06:23:00,5,1260.00,completed
O000087,U040,于岩,成人票,2025-01-14 05:45:00,2,324.00,completed
O000088,U041,佴燕,老人票,2024-09-28 10:06:00,1,108.00,completed
O000089,U041,佴燕,成人票,2024-07-08 11:15:00,3,486.00,completed
O000090,U042,耿丽丽,成人票,2024-06-01 09:40:00,3,486.00,completed
O000091,U043,阴晨,儿童票,2024-07-22 05:53:00,3,243.00,completed
O000092,U044,屈桂英,学生票,2025-05-01 02:08:00,3,405.00,completed
O000093,U045,蓝瑞,儿童票,2024-11-14 03:21:00,3,243.00,completed
O000094,U046,乌杰,儿童票,2024-11-14 07:40:00,1,81.00,completed
O000095,U047,郏鑫,学生票,2024-05-18 10:52:00,1,135.00,completed
O000096,U048,匡波,儿童票,2025-04-07 10:35:00,1,81.00,completed
O000097,U049,房勇,儿童票,2024-06-08 11:06:00,2,162.00,completed
O000098,U049,房勇,儿童票,2025-03-08 12:24:00,4,324.00,completed
O000099,U049,房勇,老人票,2024-07-17 04:11:00,2,216.00,completed
O000100,U049,房勇,成人票,2024-07-01 11:49:00,4,648.00,completed
O000101,U050,敖婷,团体票,2024-11-11 07:37:00,2,288.00,completed
O000102,U050,敖婷,老人票,2024-09-14 01:15:00,2,216.00,completed
O000103,U051,俟鑫,成人票,2025-03-10 03:21:00,3,486.00,completed
O000104,U052,佴平,学生票,2025-02-09 08:08:00,1,135.00,completed
O000105,U052,佴平,儿童票,2024-12-06 07:24:00,2,162.00,completed
O000106,U053,虞文,VIP票,2025-02-20 03:55:00,4,1008.00,completed
O000107,U053,虞文,年卡,2025-03-01 04:32:00,1,522.00,completed
O000108,U053,虞文,季卡,2024-11-15 05:54:00,1,342.00,completed
O000109,U053,虞文,成人票,2024-06-08 10:04:00,2,324.00,completed
O000110,U053,虞文,年卡,2025-03-20 04:41:00,1,522.00,completed
O000111,U053,虞文,成人票,2025-02-07 10:42:00,4,648.00,completed
O000112,U053,虞文,学生票,2024-09-23 05:22:00,5,675.00,completed
O000113,U053,虞文,夜场票,2025-02-22 09:41:00,2,180.00,completed
O000114,U053,虞文,成人票,2024-05-23 04:55:00,2,324.00,completed
O000115,U054,吕凤兰,夜场票,2024-07-20 06:34:00,1,90.00,completed
O000116,U054,吕凤兰,夜场票,2025-01-10 03:39:00,2,180.00,completed
O000117,U054,吕凤兰,年卡,2024-10-14 03:06:00,1,522.00,completed
O000118,U054,吕凤兰,年卡,2024-12-24 04:20:00,1,522.00,completed
O000119,U054,吕凤兰,成人票,2024-07-14 06:38:00,5,810.00,completed
O000120,U054,吕凤兰,学生票,2024-10-01 09:26:00,1,119.75,completed
O000121,U054,吕凤兰,月卡,2025-03-20 05:26:00,1,162.00,completed
O000122,U054,吕凤兰,老人票,2024-06-12 04:44:00,4,432.00,completed
O000123,U054,吕凤兰,学生票,2024-09-15 03:36:00,4,540.00,completed
O000124,U054,吕凤兰,夜场票,2025-05-06 09:46:00,1,90.00,completed
O000125,U054,吕凤兰,儿童票,2024-07-28 01:13:00,1,81.00,completed
O000126,U054,吕凤兰,团体票,2024-10-28 01:47:00,20,2880.00,completed
O000127,U054,吕凤兰,月卡,2024-08-06 03:27:00,1,162.00,completed
O000128,U054,吕凤兰,月卡,2025-04-08 12:10:00,1,162.00,completed
O000129,U054,吕凤兰,月卡,2025-02-06 05:47:00,1,162.00,completed
O000130,U054,吕凤兰,夜场票,2024-10-24 06:09:00,5,450.00,completed
O000131,U054,吕凤兰,VIP票,2024-07-18 03:38:00,4,1008.00,completed
O000132,U054,吕凤兰,成人票,2024-08-13 10:02:00,2,324.00,completed
O000133,U055,谷桂芳,夜场票,2024-05-14 04:38:00,5,450.00,completed
O000134,U055,谷桂芳,VIP票,2025-01-26 10:32:00,2,504.00,completed
O000135,U055,谷桂芳,成人票,2024-06-26 04:06:00,1,149.54,completed
O000136,U055,谷桂芳,老人票,2024-11-09 04:30:00,5,540.00,completed
O000137,U055,谷桂芳,儿童票,2024-07-15 03:53:00,1,69.68,completed
O000138,U056,太坤,成人票,2024-10-10 03:22:00,2,324.00,completed
O000139,U056,太坤,学生票,2025-02-20 05:56:00,1,135.00,completed
O000140,U056,太坤,儿童票,2024-07-11 04:41:00,2,162.00,completed
O000141,U056,太坤,老人票,2024-08-08 10:24:00,1,99.92,completed
O000142,U056,太坤,儿童票,2024-06-13 12:23:00,5,405.00,completed
O000143,U057,邵坤,学生票,2024-06-12 08:31:00,4,540.00,completed
O000144,U057,邵坤,成人票,2025-03-28 03:24:00,5,810.00,completed
O000145,U057,邵坤,成人票,2025-04-02 03:51:00,4,648.00,completed
O000146,U058,糜倩,儿童票,2024-08-10 04:00:00,1,81.00,completed
O000147,U059,孔桂芳,成人票,2024-12-02 04:43:00,3,486.00,completed
O000148,U060,方玉珍,儿童票,2024-09-20 10:03:00,3,243.00,completed
O000149,U060,方玉珍,儿童票,2024-12-22 04:08:00,1,81.00,completed
O000150,U060,方玉珍,儿童票,2024-09-16 03:05:00,2,162.00,canceled
O000151,U061,元兵,儿童票,2025-04-25 03:56:00,4,324.00,completed
O000152,U061,元兵,成人票,2024-05-16 04:04:00,1,162.00,completed
O000153,U061,元兵,儿童票,2024-12-17 04:59:00,4,324.00,completed
O000154,U062,离磊,儿童票,2024-12-29 06:16:00,1,81.00,completed
O000155,U063,延敏,成人票,2024-07-30 09:40:00,2,324.00,completed
O000156,U064,赫岩,成人票,2025-01-07 12:21:00,1,162.00,completed
O000157,U065,刁秀芳,成人票,2025-01-21 01:30:00,2,324.00,completed
O000158,U066,子军,成人票,2025-02-16 05:54:00,2,324.00,completed
O000159,U067,却佳,成人票,2024-11-21 09:13:00,3,486.00,completed
O000160,U068,明秀珍,成人票,2024-09-12 06:20:00,2,324.00,completed
O000161,U069,荀桂芳,儿童票,2024-06-06 07:20:00,2,162.00,completed
O000162,U070,阳秀梅,成人票,2024-08-11 03:37:00,3,435.27,canceled
O000163,U071,经杨,成人票,2025-01-23 06:15:00,3,486.00,completed
O000164,U072,养俊,成人票,2025-01-05 07:00:00,5,810.00,completed
O000165,U072,养俊,成人票,2025-03-27 03:32:00,5,739.47,completed
O000166,U072,养俊,VIP票,2024-07-25 10:00:00,3,756.00,completed
O000167,U072,养俊,儿童票,2024-12-24 03:25:00,5,405.00,completed
O000168,U072,养俊,成人票,2024-06-14 11:29:00,4,648.00,completed
O000169,U073,施想,成人票,2025-04-06 12:42:00,1,162.00,completed
O000170,U074,门玉兰,成人票,2025-03-08 09:50:00,1,162.00,completed
O000171,U075,帅鑫,儿童票,2024-10-16 03:25:00,3,243.00,completed
O000172,U076,丁峰,成人票,2024-10-18 09:06:00,2,305.01,completed
O000173,U077,甘凤兰,成人票,2024-07-13 04:00:00,2,324.00,completed
O000174,U078,俟红梅,成人票,2024-12-25 03:12:00,3,486.00,completed
O000175,U079,连成,VIP票,2025-01-18 04:03:00,3,756.00,completed
O000176,U079,连成,学生票,2025-04-06 04:44:00,4,540.00,completed
O000177,U079,连成,成人票,2025-05-05 09:36:00,4,541.98,completed
O000178,U079,连成,老人票,2024-06-24 11:15:00,2,216.00,completed
O000179,U079,连成,学生票,2024-05-14 07:17:00,5,675.00,completed
O000180,U079,连成,团体票,2024-12-08 05:22:00,2,288.00,completed
O000181,U080,欧刚,儿童票,2024-10-03 05:18:00,1,71.80,completed
O000182,U080,欧刚,成人票,2024-08-17 10:31:00,4,531.23,completed
O000183,U080,欧刚,学生票,2025-04-14 11:27:00,3,405.00,canceled
O000184,U080,欧刚,成人票,2024-10-03 05:05:00,2,324.00,completed
O000185,U080,欧刚,VIP票,2024-05-31 11:48:00,3,756.00,completed
O000186,U081,郜林,成人票,2024-10-22 03:31:00,1,162.00,completed
O000187,U082,李龙,成人票,2024-12-04 10:02:00,2,324.00,completed
O000188,U082,李龙,VIP票,2024-05-22 04:22:00,1,252.00,completed
O000189,U082,李龙,夜场票,2025-02-06 08:26:00,2,180.00,completed
O000190,U082,李龙,成人票,2024-12-03 03:53:00,1,162.00,completed
O000191,U082,李龙,VIP票,2025-02-22 03:19:00,3,756.00,completed
O000192,U082,李龙,儿童票,2025-01-11 08:53:00,2,162.00,completed
O000193,U083,厍斌,儿童票,2025-03-19 07:09:00,4,324.00,completed
O000194,U083,厍斌,成人票,2025-01-19 04:52:00,5,810.00,completed
O000195,U083,厍斌,老人票,2024-05-29 06:19:00,5,540.00,completed
O000196,U083,厍斌,VIP票,2024-12-27 08:55:00,2,504.00,completed
O000197,U083,厍斌,老人票,2025-02-02 06:22:00,4,432.00,completed
O000198,U083,厍斌,成人票,2025-03-29 05:53:00,1,162.00,completed
O000199,U084,曹燕,成人票,2024-10-17 09:54:00,3,486.00,completed
O000200,U085,高凯,学生票,2024-06-06 08:53:00,1,135.00,completed
O000201,U086,詹丹,成人票,2024-05-22 05:43:00,2,324.00,completed
O000202,U087,璩楠,成人票,2025-01-30 11:36:00,2,324.00,completed
O000203,U087,璩楠,成人票,2025-03-10 08:40:00,3,486.00,completed
O000204,U088,都金凤,成人票,2024-10-31 03:25:00,2,324.00,completed
O000205,U089,嵇平,儿童票,2024-12-18 09:26:00,1,75.22,completed
O000206,U089,嵇平,学生票,2025-04-22 05:59:00,5,675.00,completed
O000207,U089,嵇平,学生票,2024-09-30 07:53:00,1,111.31,completed
O000208,U089,嵇平,成人票,2024-08-21 11:39:00,4,648.00,completed
O000209,U089,嵇平,成人票,2024-05-21 06:18:00,5,810.00,completed
O000210,U090,解彬,成人票,2025-01-31 11:10:00,1,162.00,completed
O000211,U091,郭宇,团体票,2025-03-07 03:24:00,3,432.00,completed
O000212,U091,郭宇,儿童票,2025-01-16 09:04:00,5,405.00,completed
O000213,U091,郭宇,老人票,2024-11-15 09:18:00,3,324.00,completed
O000214,U091,郭宇,成人票,2024-11-28 06:46:00,2,324.00,completed
O000215,U091,郭宇,VIP票,2024-05-14 03:10:00,5,1260.00,completed
O000216,U091,郭宇,夜场票,2024-07-05 07:00:00,2,180.00,completed
O000217,U092,乐梅,成人票,2025-05-04 10:55:00,2,324.00,completed
O000218,U093,从丽华,成人票,2024-09-09 08:50:00,2,324.00,completed
O000219,U094,文桂珍,成人票,2025-02-21 03:15:00,2,324.00,completed
O000220,U095,广鑫,儿童票,2025-01-14 04:49:00,4,324.00,completed
O000221,U095,广鑫,儿童票,2024-05-10 07:30:00,3,243.00,completed
O000222,U096,迟涛,夜场票,2025-04-04 03:04:00,3,270.00,completed
O000223,U096,迟涛,成人票,2024-06-08 11:42:00,2,324.00,completed
O000224,U096,迟涛,成人票,2024-07-21 04:58:00,2,324.00,completed
O000225,U096,迟涛,成人票,2025-01-13 11:33:00,1,162.00,completed
O000226,U096,迟涛,VIP票,2025-01-23 03:53:00,4,1008.00,completed
O000227,U096,迟涛,老人票,2024-09-30 04:21:00,3,324.00,completed
O000228,U096,迟涛,季卡,2025-02-22 04:56:00,1,342.00,completed
O000229,U096,迟涛,老人票,2024-07-16 09:21:00,1,108.00,completed
O000230,U096,迟涛,夜场票,2025-03-09 11:43:00,4,360.00,completed
O000231,U096,迟涛,老人票,2024-10-12 09:14:00,4,432.00,completed
O000232,U097,帅娜,成人票,2024-07-19 10:20:00,3,486.00,completed
O000233,U098,黄东,VIP票,2024-07-10 01:07:00,3,756.00,completed
O000234,U098,黄东,儿童票,2024-10-12 03:07:00,4,324.00,completed
O000235,U098,黄东,成人票,2024-09-01 08:03:00,4,648.00,canceled
O000236,U098,黄东,团体票,2025-04-29 04:55:00,2,239.22,completed
O000237,U098,黄东,成人票,2025-04-05 04:16:00,1,162.00,completed
O000238,U098,黄东,老人票,2024-10-12 11:54:00,1,108.00,completed
O000239,U099,薄兰英,成人票,2024-05-13 06:40:00,3,486.00,completed
O000240,U100,木华,成人票,2024-08-28 06:13:00,3,486.00,completed
O000241,U101,何帅,成人票,2024-08-04 10:42:00,3,486.00,completed
O000242,U102,戚红霞,成人票,2024-07-14 04:42:00,3,454.58,completed
O000243,U103,鱼洁,儿童票,2024-10-24 10:34:00,1,81.00,canceled
O000244,U104,阮杨,成人票,2024-10-09 08:54:00,3,486.00,completed
O000245,U104,阮杨,成人票,2025-03-28 03:31:00,1,162.00,completed
O000246,U104,阮杨,成人票,2024-05-11 04:47:00,2,324.00,completed
O000247,U105,饶红梅,成人票,2024-05-14 09:39:00,2,284.82,completed
O000248,U106,翁建华,老人票,2024-06-16 11:56:00,3,324.00,completed
O000249,U106,翁建华,成人票,2024-10-17 11:09:00,3,486.00,completed
O000250,U106,翁建华,VIP票,2025-04-04 03:40:00,5,1260.00,completed
O000251,U106,翁建华,成人票,2024-07-19 10:33:00,5,810.00,completed
O000252,U106,翁建华,儿童票,2024-07-31 08:47:00,3,243.00,completed
O000253,U107,舒娜,学生票,2025-04-18 10:17:00,2,270.00,completed
O000254,U107,舒娜,儿童票,2025-04-07 06:10:00,2,162.00,completed
O000255,U108,颛欣,儿童票,2024-10-21 03:35:00,2,145.28,completed
O000256,U108,颛欣,成人票,2024-12-27 04:20:00,3,396.36,canceled
O000257,U109,微秀荣,成人票,2024-10-07 05:59:00,4,648.00,completed
O000258,U109,微秀荣,成人票,2025-04-23 04:13:00,3,486.00,completed
O000259,U109,微秀荣,老人票,2024-09-18 03:38:00,5,485.56,canceled
O000260,U110,支倩,成人票,2024-07-27 11:38:00,3,486.00,completed
O000261,U111,尉军,学生票,2024-09-28 09:36:00,1,135.00,completed
O000262,U112,罗明,成人票,2024-06-19 04:32:00,3,486.00,completed
O000263,U113,闻宇,成人票,2024-10-05 03:33:00,1,162.00,completed
O000264,U114,濮建平,成人票,2024-12-30 01:55:00,5,810.00,completed
O000265,U114,濮建平,成人票,2024-07-29 02:15:00,2,324.00,completed
O000266,U114,濮建平,老人票,2024-10-24 08:37:00,5,540.00,completed
O000267,U115,佴伟,成人票,2024-09-29 11:05:00,1,162.00,completed
O000268,U115,佴伟,成人票,2025-03-19 08:27:00,1,162.00,completed
O000269,U115,佴伟,成人票,2025-01-25 04:30:00,4,648.00,completed
O000270,U116,沃兵,夜场票,2025-05-05 04:01:00,5,450.00,completed
O000271,U116,沃兵,学生票,2025-03-21 06:09:00,1,119.62,completed
O000272,U116,沃兵,成人票,2024-07-22 09:05:00,4,648.00,completed
O000273,U116,沃兵,团体票,2025-04-26 08:07:00,15,2160.00,completed
O000274,U116,沃兵,成人票,2025-04-22 11:48:00,5,810.00,completed
O000275,U116,沃兵,年卡,2024-07-15 05:05:00,1,522.00,completed
O000276,U116,沃兵,成人票,2024-06-11 03:16:00,3,486.00,completed
O000277,U116,沃兵,学生票,2024-10-02 04:19:00,2,270.00,completed
O000278,U116,沃兵,成人票,2025-04-17 04:17:00,1,162.00,completed
O000279,U117,钱博,成人票,2024-10-04 03:37:00,2,304.33,completed
O000280,U118,傅兰英,学生票,2025-02-06 11:57:00,1,135.00,completed
O000281,U118,傅兰英,团体票,2024-11-14 10:24:00,3,387.84,completed
O000282,U118,傅兰英,VIP票,2024-07-01 05:54:00,2,504.00,completed
O000283,U119,鲜林,夜场票,2024-05-25 11:35:00,3,270.00,completed
O000284,U119,鲜林,儿童票,2024-08-17 10:18:00,2,162.00,completed
O000285,U119,鲜林,团体票,2025-04-17 04:09:00,14,2016.00,completed
O000286,U119,鲜林,老人票,2024-11-29 03:11:00,3,324.00,completed
O000287,U119,鲜林,成人票,2025-02-07 10:28:00,1,162.00,completed
O000288,U119,鲜林,VIP票,2024-06-26 04:03:00,4,1008.00,completed
O000289,U119,鲜林,年卡,2025-03-04 09:54:00,1,522.00,completed
O000290,U120,车文,VIP票,2025-01-09 03:22:00,5,1260.00,canceled
O000291,U120,车文,学生票,2024-11-02 11:57:00,4,540.00,completed
O000292,U120,车文,成人票,2025-01-07 04:57:00,5,810.00,completed
O000293,U121,卫佳,儿童票,2024-06-18 07:49:00,1,81.00,completed
O000294,U122,刁娟,成人票,2025-04-15 09:49:00,3,486.00,completed
O000295,U123,韶娜,成人票,2024-12-05 06:38:00,5,810.00,completed
O000296,U123,韶娜,VIP票,2025-03-13 06:23:00,5,1260.00,completed
O000297,U123,韶娜,VIP票,2024-09-18 05:53:00,3,756.00,completed
O000298,U123,韶娜,成人票,2024-07-29 11:58:00,4,648.00,completed
O000299,U123,韶娜,成人票,2025-01-20 11:23:00,4,648.00,canceled
O000300,U123,韶娜,学生票,2025-01-30 07:16:00,5,675.00,completed
O000301,U124,甘玲,成人票,2025-03-11 03:48:00,1,162.00,completed
O000302,U125,空伟,老人票,2024-08-14 10:36:00,1,87.44,completed
O000303,U126,司杨,成人票,2024-05-11 04:19:00,1,162.00,canceled
O000304,U127,巫梅,成人票,2025-02-16 11:51:00,1,162.00,completed
O000305,U128,后燕,儿童票,2024-09-23 04:47:00,2,162.00,completed
O000306,U129,樊燕,成人票,2025-02-09 05:14:00,1,162.00,completed
O000307,U130,柴鹏,成人票,2024-09-05 03:02:00,1,162.00,completed
O000308,U131,墨建华,成人票,2024-06-21 10:34:00,2,324.00,completed
O000309,U131,墨建华,儿童票,2024-08-22 06:37:00,1,81.00,completed
O000310,U131,墨建华,儿童票,2024-10-21 11:45:00,4,324.00,completed
O000311,U132,乔晨,成人票,2024-07-26 04:39:00,2,304.88,completed
O000312,U132,乔晨,成人票,2024-06-09 10:24:00,5,810.00,completed
O000313,U132,乔晨,VIP票,2024-08-16 10:30:00,5,1260.00,completed
O000314,U132,乔晨,儿童票,2024-11-17 10:56:00,1,81.00,canceled
O000315,U133,石建平,儿童票,2024-12-08 04:39:00,3,243.00,canceled
O000316,U134,巴淑兰,成人票,2025-04-18 02:06:00,3,486.00,completed
O000317,U135,幸玉兰,成人票,2024-08-17 07:54:00,1,162.00,completed
O000318,U135,幸玉兰,成人票,2024-08-20 04:50:00,1,139.53,completed
O000319,U136,宫杨,成人票,2024-08-02 01:43:00,3,486.00,completed
O000320,U137,牟小红,学生票,2024-10-01 04:32:00,3,405.00,completed
O000321,U138,窦玲,成人票,2024-07-16 02:44:00,1,162.00,canceled
O000322,U139,邰建平,成人票,2024-11-06 11:15:00,2,324.00,completed
O000323,U140,糜颖,成人票,2024-06-06 08:25:00,3,422.92,canceled
O000324,U141,余岩,成人票,2024-08-29 11:57:00,4,648.00,completed
O000325,U141,余岩,儿童票,2025-02-20 06:48:00,4,286.34,completed
O000326,U142,纪艳,成人票,2024-05-27 04:22:00,2,324.00,completed
O000327,U143,曾英,成人票,2024-07-27 05:30:00,1,148.41,completed
O000328,U143,曾英,儿童票,2024-12-21 04:05:00,2,162.00,completed
O000329,U143,曾英,儿童票,2025-01-15 02:12:00,5,405.00,completed
O000330,U143,曾英,季卡,2024-08-05 09:24:00,1,342.00,completed
O000331,U143,曾英,儿童票,2024-07-27 03:33:00,3,243.00,completed
O000332,U143,曾英,VIP票,2024-10-16 04:53:00,4,1008.00,completed
O000333,U143,曾英,团体票,2025-02-10 10:36:00,11,1584.00,completed
O000334,U143,曾英,儿童票,2025-05-02 04:40:00,5,405.00,completed
O000335,U143,曾英,老人票,2024-10-28 10:28:00,5,540.00,canceled
O000336,U144,卓军,成人票,2025-03-22 11:50:00,2,263.57,completed
O000337,U144,卓军,VIP票,2024-10-26 05:53:00,5,1260.00,completed
O000338,U145,宣晶,成人票,2025-02-16 09:41:00,3,486.00,completed
O000339,U146,南秀芳,成人票,2025-03-12 05:15:00,1,162.00,completed
O000340,U147,羿利,成人票,2024-08-19 09:24:00,2,275.05,completed
O000341,U147,羿利,老人票,2024-06-16 10:48:00,2,216.00,completed
O000342,U147,羿利,成人票,2024-12-30 04:47:00,1,162.00,completed
O000343,U147,羿利,成人票,2025-01-23 11:25:00,5,810.00,completed
O000344,U147,羿利,儿童票,2024-10-30 04:04:00,4,324.00,completed
O000345,U147,羿利,成人票,2024-05-27 08:24:00,5,721.87,completed
O000346,U148,柴兰英,老人票,2024-07-26 04:59:00,4,432.00,completed
O000347,U148,柴兰英,成人票,2024-05-26 05:25:00,2,324.00,completed
O000348,U148,柴兰英,VIP票,2024-08-07 09:57:00,4,1008.00,completed
O000349,U148,柴兰英,VIP票,2024-09-08 03:22:00,3,756.00,completed
O000350,U149,欧兰英,成人票,2025-02-03 03:14:00,1,162.00,completed
O000351,U150,浦玲,成人票,2024-07-22 12:33:00,3,486.00,completed
O000352,U151,宗凯,老人票,2024-11-20 04:00:00,1,108.00,completed
O000353,U151,宗凯,儿童票,2025-04-19 11:38:00,5,405.00,completed
O000354,U151,宗凯,团体票,2024-07-25 06:32:00,3,432.00,completed
O000355,U151,宗凯,VIP票,2024-08-24 04:28:00,1,252.00,completed
O000356,U151,宗凯,儿童票,2024-07-04 08:29:00,4,269.92,completed
O000357,U152,景洋,成人票,2024-05-19 07:52:00,3,486.00,completed
O000358,U153,沈建平,VIP票,2024-12-02 04:52:00,1,252.00,completed
O000359,U153,沈建平,VIP票,2024-09-07 01:14:00,2,504.00,completed
O000360,U153,沈建平,夜场票,2024-06-23 09:30:00,2,180.00,completed
O000361,U153,沈建平,学生票,2024-08-13 04:32:00,1,135.00,completed
O000362,U153,沈建平,儿童票,2024-05-21 03:05:00,1,81.00,completed
O000363,U153,沈建平,成人票,2024-11-07 08:11:00,1,162.00,completed
O000364,U154,冯欣,成人票,2024-12-22 02:32:00,1,162.00,completed
O000365,U155,伯强,成人票,2025-03-13 05:29:00,1,162.00,completed
O000366,U156,师彬,成人票,2025-02-02 03:06:00,3,486.00,completed
O000367,U157,仲楠,成人票,2024-12-20 01:26:00,3,486.00,completed
O000368,U157,仲楠,成人票,2025-01-28 06:57:00,4,648.00,completed
O000369,U158,墨云,VIP票,2024-06-29 11:31:00,4,1008.00,completed
O000370,U158,墨云,成人票,2025-03-19 04:17:00,5,810.00,completed
O000371,U159,钦磊,夜场票,2024-07-22 05:28:00,3,232.52,completed
O000372,U159,钦磊,成人票,2024-12-28 01:14:00,1,140.26,completed
O000373,U159,钦磊,成人票,2024-07-03 03:14:00,3,486.00,completed
O000374,U159,钦磊,儿童票,2025-02-21 12:43:00,3,243.00,completed
O000375,U159,钦磊,团体票,2024-08-19 11:41:00,5,720.00,completed
O000376,U160,政楠,团体票,2024-05-28 10:14:00,1,144.00,completed
O000377,U160,政楠,团体票,2025-03-26 07:26:00,5,720.00,completed
O000378,U160,政楠,成人票,2025-04-05 11:30:00,4,648.00,completed
O000379,U160,政楠,老人票,2025-02-06 09:50:00,2,216.00,completed
O000380,U161,石强,成人票,2024-05-14 03:50:00,3,486.00,completed
O000381,U162,辕慧,VIP票,2024-11-09 01:35:00,1,252.00,completed
O000382,U162,辕慧,VIP票,2025-04-27 05:01:00,2,504.00,completed
O000383,U162,辕慧,老人票,2024-12-27 05:31:00,5,540.00,completed
O000384,U162,辕慧,成人票,2025-04-20 06:39:00,3,486.00,completed
O000385,U162,辕慧,VIP票,2024-07-05 04:56:00,5,1260.00,completed
O000386,U162,辕慧,老人票,2025-02-21 10:02:00,3,324.00,completed
O000387,U162,辕慧,成人票,2024-10-21 04:31:00,2,281.83,completed
O000388,U163,粱浩,儿童票,2024-07-07 03:49:00,2,162.00,completed
O000389,U164,陆浩,成人票,2024-11-03 12:05:00,1,162.00,completed
O000390,U165,政建平,成人票,2024-11-29 05:29:00,5,810.00,completed
O000391,U165,政建平,学生票,2024-12-10 02:50:00,5,675.00,completed
O000392,U166,巢霞,老人票,2024-06-06 12:53:00,3,324.00,completed
O000393,U166,巢霞,团体票,2024-11-07 04:15:00,3,432.00,completed
O000394,U166,巢霞,学生票,2024-09-21 05:49:00,4,540.00,completed
O000395,U166,巢霞,成人票,2024-09-14 04:23:00,5,810.00,completed
O000396,U166,巢霞,团体票,2024-11-17 06:41:00,2,288.00,completed
O000397,U167,朱兰英,成人票,2024-12-15 05:21:00,2,324.00,completed
O000398,U168,蒯志强,成人票,2024-08-03 05:46:00,1,162.00,completed
O000399,U168,蒯志强,成人票,2024-09-13 11:19:00,4,648.00,completed
O000400,U168,蒯志强,学生票,2025-02-12 10:58:00,1,135.00,completed
O000401,U168,蒯志强,成人票,2024-08-04 03:10:00,4,648.00,completed
O000402,U168,蒯志强,儿童票,2024-08-04 04:06:00,4,324.00,completed
O000403,U168,蒯志强,夜场票,2025-03-15 10:44:00,5,450.00,completed
O000404,U168,蒯志强,团体票,2025-02-23 11:31:00,19,2736.00,completed
O000405,U169,马桂兰,团体票,2024-05-12 07:53:00,3,432.00,completed
O000406,U169,马桂兰,成人票,2024-10-11 10:10:00,1,162.00,completed
O000407,U169,马桂兰,成人票,2024-10-05 03:04:00,4,648.00,completed
O000408,U170,平金凤,成人票,2024-11-12 06:46:00,2,324.00,completed
O000409,U171,樊晨,成人票,2025-03-06 09:33:00,2,324.00,completed
O000410,U172,宰琴,成人票,2025-04-19 11:25:00,2,324.00,completed
O000411,U173,有建军,成人票,2024-10-07 11:56:00,2,324.00,completed
O000412,U174,桂玉珍,成人票,2024-12-18 09:42:00,1,162.00,completed
O000413,U175,赫楠,成人票,2024-06-18 08:20:00,1,162.00,completed
O000414,U176,居淑英,成人票,2024-11-08 10:42:00,1,162.00,completed
O000415,U177,蓝慧,老人票,2024-09-01 10:51:00,1,108.00,completed
O000416,U177,蓝慧,成人票,2025-03-14 10:36:00,1,162.00,completed
O000417,U177,蓝慧,成人票,2024-09-04 04:57:00,1,162.00,completed
O000418,U177,蓝慧,儿童票,2024-09-22 03:19:00,4,324.00,completed
O000419,U177,蓝慧,老人票,2025-01-04 09:43:00,2,216.00,completed
O000420,U178,万秀荣,儿童票,2025-03-19 03:25:00,1,68.77,completed
O000421,U179,公磊,成人票,2024-08-17 05:07:00,1,162.00,completed
O000422,U180,呼英,成人票,2024-10-31 09:49:00,3,486.00,completed
O000423,U180,呼英,学生票,2025-01-14 11:14:00,1,135.00,completed
O000424,U181,巢亮,成人票,2024-07-19 10:04:00,3,486.00,completed
O000425,U181,巢亮,成人票,2025-01-07 05:51:00,5,810.00,completed
O000426,U182,怀秀云,成人票,2024-05-08 05:33:00,3,486.00,completed
O000427,U183,孙波,成人票,2024-12-14 10:04:00,1,162.00,completed
O000428,U184,骆雪,VIP票,2025-01-02 10:57:00,4,1008.00,completed
O000429,U184,骆雪,夜场票,2024-05-18 03:32:00,3,270.00,completed
O000430,U184,骆雪,儿童票,2024-05-15 03:34:00,1,81.00,completed
O000431,U184,骆雪,成人票,2024-12-08 09:25:00,4,648.00,canceled
O000432,U185,门倩,成人票,2025-04-30 05:52:00,2,324.00,canceled
O000433,U186,糜莹,成人票,2025-02-02 03:02:00,3,486.00,completed
O000434,U187,桂旭,成人票,2024-11-05 10:45:00,2,324.00,completed
O000435,U188,侯磊,成人票,2024-07-30 09:07:00,3,486.00,completed
O000436,U189,干婷,儿童票,2024-09-30 11:18:00,1,81.00,completed
O000437,U190,易红,老人票,2024-05-08 10:22:00,2,216.00,completed
O000438,U190,易红,学生票,2024-11-04 02:21:00,3,351.02,completed
O000439,U190,易红,老人票,2024-08-12 06:39:00,2,216.00,completed
O000440,U190,易红,成人票,2025-02-04 07:39:00,1,162.00,completed
O000441,U191,高杰,老人票,2025-01-06 11:23:00,2,216.00,completed
O000442,U191,高杰,成人票,2024-05-15 10:52:00,5,810.00,completed
O000443,U191,高杰,学生票,2024-11-12 05:32:00,1,135.00,completed
O000444,U192,焦涛,成人票,2024-08-31 04:45:00,3,486.00,canceled
O000445,U193,闾雷,儿童票,2024-12-30 10:06:00,3,243.00,completed
O000446,U194,跋杨,成人票,2024-07-30 03:09:00,1,136.52,completed
O000447,U195,徐霞,成人票,2024-06-18 09:01:00,2,306.29,completed
O000448,U196,蓝欣,成人票,2025-05-02 11:57:00,3,486.00,completed
O000449,U197,龙秀云,成人票,2025-03-02 11:54:00,4,648.00,canceled
O000450,U197,龙秀云,成人票,2024-11-02 10:55:00,1,162.00,completed
O000451,U198,艾兰英,成人票,2024-11-12 08:08:00,2,324.00,completed
O000452,U199,郦佳,老人票,2024-06-19 10:28:00,2,216.00,completed
O000453,U200,欧桂英,成人票,2024-05-13 10:50:00,1,162.00,canceled
O000454,U201,魏芳,学生票,2024-11-09 06:02:00,4,540.00,completed
O000455,U201,魏芳,老人票,2025-04-10 09:25:00,4,432.00,completed
O000456,U201,魏芳,成人票,2024-07-30 05:47:00,5,810.00,completed
O000457,U202,翟梅,儿童票,2025-01-06 10:57:00,1,81.00,completed
O000458,U203,都淑华,成人票,2025-02-08 04:21:00,5,810.00,completed
O000459,U203,都淑华,成人票,2024-10-14 12:17:00,2,275.39,completed
O000460,U204,罗岩,成人票,2024-12-18 03:43:00,1,162.00,completed
O000461,U205,延伟,成人票,2024-10-11 09:06:00,1,162.00,completed
O000462,U206,童桂英,成人票,2025-02-14 09:37:00,1,162.00,canceled
O000463,U207,羿宇,VIP票,2024-08-10 09:15:00,2,469.42,completed
O000464,U207,羿宇,成人票,2024-11-21 05:28:00,2,324.00,completed
O000465,U208,穆凯,老人票,2024-09-01 02:47:00,2,216.00,completed
O000466,U209,政柳,成人票,2024-08-15 03:20:00,1,162.00,completed
O000467,U210,驷秀兰,成人票,2024-06-27 10:37:00,2,324.00,canceled
O000468,U211,邱玉,夜场票,2024-06-11 11:51:00,2,180.00,completed
O000469,U211,邱玉,老人票,2025-03-20 09:23:00,4,432.00,completed
O000470,U211,邱玉,VIP票,2024-08-08 05:56:00,1,252.00,completed
O000471,U211,邱玉,儿童票,2024-07-04 06:35:00,5,405.00,completed
O000472,U211,邱玉,团体票,2025-03-02 03:30:00,10,1440.00,completed
O000473,U211,邱玉,老人票,2025-04-09 10:31:00,4,432.00,completed
O000474,U211,邱玉,儿童票,2024-06-23 03:51:00,5,405.00,completed
O000475,U211,邱玉,夜场票,2024-10-18 02:47:00,2,180.00,completed
O000476,U211,邱玉,学生票,2024-08-08 09:23:00,4,488.04,completed
O000477,U211,邱玉,季卡,2024-06-09 05:17:00,1,342.00,completed
O000478,U212,羊利,成人票,2024-06-07 05:47:00,2,324.00,completed
O000479,U212,羊利,成人票,2025-01-11 10:46:00,2,324.00,completed
O000480,U212,羊利,团体票,2025-03-13 09:28:00,4,576.00,completed
O000481,U212,羊利,儿童票,2024-09-09 04:38:00,5,405.00,completed
O000482,U212,羊利,学生票,2025-01-17 08:40:00,3,405.00,completed
O000483,U212,羊利,夜场票,2024-09-27 11:46:00,1,90.00,completed
O000484,U213,马玉,成人票,2024-12-27 09:24:00,1,162.00,canceled
O000485,U214,红雪梅,成人票,2024-09-17 10:51:00,1,162.00,completed
O000486,U215,车丽丽,成人票,2024-11-11 05:19:00,1,162.00,completed
O000487,U215,车丽丽,VIP票,2024-12-14 04:58:00,5,1150.29,completed
O000488,U216,禹欣,儿童票,2024-07-14 06:29:00,4,324.00,completed
O000489,U216,禹欣,成人票,2024-11-23 10:20:00,3,445.30,completed
O000490,U217,乌建平,成人票,2024-11-10 04:18:00,3,486.00,completed
O000491,U218,耿斌,成人票,2024-12-27 09:34:00,1,162.00,completed
O000492,U219,万强,成人票,2024-06-16 07:34:00,3,486.00,completed
O000493,U220,蓬建,儿童票,2025-03-15 03:26:00,3,198.04,completed
O000494,U221,萧桂荣,成人票,2024-07-17 04:15:00,1,135.12,completed
O000495,U222,华桂芝,儿童票,2024-09-09 03:06:00,3,243.00,completed
O000496,U223,汪莹,成人票,2024-05-30 03:17:00,3,486.00,completed
O000497,U223,汪莹,团体票,2024-06-25 05:07:00,2,288.00,completed
O000498,U223,汪莹,老人票,2024-10-25 03:20:00,5,540.00,completed
O000499,U223,汪莹,老人票,2025-02-22 11:04:00,2,216.00,completed
O000500,U223,汪莹,儿童票,2024-12-07 09:34:00,5,405.00,completed
O000501,U223,汪莹,学生票,2024-10-09 03:40:00,3,405.00,completed
O000502,U224,石淑英,成人票,2025-02-28 04:54:00,3,486.00,completed
O000503,U225,刁玉兰,成人票,2024-07-06 11:36:00,1,162.00,completed
O000504,U226,贝秀梅,成人票,2024-05-12 04:50:00,3,486.00,completed
O000505,U227,凌金凤,季卡,2024-12-27 04:09:00,1,342.00,canceled
O000506,U227,凌金凤,成人票,2024-06-14 09:53:00,2,324.00,completed
O000507,U227,凌金凤,夜场票,2024-11-03 10:55:00,3,270.00,completed
O000508,U227,凌金凤,团体票,2024-09-08 03:55:00,16,1896.55,completed
O000509,U227,凌金凤,老人票,2024-09-08 10:35:00,4,432.00,completed
O000510,U227,凌金凤,学生票,2025-03-20 05:07:00,2,270.00,completed
O000511,U227,凌金凤,成人票,2024-12-27 12:45:00,5,810.00,completed
O000512,U227,凌金凤,VIP票,2024-05-20 03:58:00,3,702.52,completed
O000513,U228,井丽华,学生票,2025-04-13 09:03:00,3,405.00,completed
O000514,U228,井丽华,VIP票,2024-10-25 03:25:00,1,252.00,completed
O000515,U228,井丽华,儿童票,2024-12-03 10:55:00,1,81.00,completed
O000516,U228,井丽华,成人票,2025-04-20 07:44:00,4,648.00,completed
O000517,U229,璩凤英,成人票,2025-04-02 03:11:00,3,486.00,completed
O000518,U230,公红梅,成人票,2025-03-23 11:26:00,3,486.00,completed
O000519,U231,咎华,成人票,2024-11-29 09:53:00,3,486.00,completed
O000520,U232,束晨,儿童票,2024-11-09 11:38:00,3,243.00,completed
O000521,U233,唐雪梅,儿童票,2025-05-02 11:29:00,2,162.00,completed
O000522,U234,万荣,成人票,2025-02-28 04:31:00,1,138.15,completed
O000523,U234,万荣,成人票,2024-11-23 08:05:00,3,486.00,completed
O000524,U235,万想,成人票,2025-03-22 11:18:00,2,324.00,completed
O000525,U236,澹建华,团体票,2024-07-21 11:18:00,5,720.00,canceled
O000526,U236,澹建华,团体票,2024-09-25 09:56:00,2,288.00,completed
O000527,U237,连凤英,成人票,2024-10-07 05:28:00,3,486.00,completed
O000528,U238,晁兵,老人票,2025-04-10 05:57:00,3,324.00,completed
O000529,U239,夏杰,老人票,2024-12-06 08:32:00,5,475.36,completed
O000530,U239,夏杰,成人票,2025-01-30 09:53:00,1,162.00,completed
O000531,U239,夏杰,成人票,2024-09-06 09:41:00,3,486.00,completed
O000532,U240,仲琳,老人票,2025-02-27 04:03:00,2,216.00,completed
O000533,U240,仲琳,儿童票,2025-04-21 04:28:00,1,81.00,completed
O000534,U240,仲琳,成人票,2025-04-01 10:54:00,5,810.00,completed
O000535,U240,仲琳,VIP票,2024-06-23 10:38:00,3,756.00,completed
O000536,U241,桓玲,成人票,2024-12-28 10:31:00,2,324.00,completed
O000537,U242,聂桂英,儿童票,2025-01-29 07:12:00,1,81.00,completed
O000538,U243,微丽华,成人票,2025-04-28 03:56:00,1,162.00,completed
O000539,U244,沃想,成人票,2024-06-17 04:04:00,3,486.00,completed
O000540,U245,咸雪,儿童票,2025-03-04 06:36:00,2,162.00,completed
O000541,U245,咸雪,学生票,2025-03-26 08:09:00,2,270.00,completed
O000542,U245,咸雪,VIP票,2024-08-16 03:31:00,3,756.00,completed
O000543,U245,咸雪,学生票,2024-07-24 04:08:00,2,270.00,completed
O000544,U246,习婷婷,成人票,2025-01-31 06:24:00,3,486.00,completed
O000545,U246,习婷婷,儿童票,2024-10-14 05:33:00,2,162.00,completed
O000546,U247,叶璐,成人票,2025-01-01 03:09:00,4,648.00,completed
O000547,U247,叶璐,成人票,2024-12-08 05:20:00,1,162.00,completed
O000548,U248,于想,成人票,2024-05-16 11:21:00,3,486.00,canceled
O000549,U249,公玉英,学生票,2025-01-11 11:18:00,3,405.00,completed
O000550,U249,公玉英,儿童票,2025-02-12 06:26:00,5,405.00,completed
O000551,U249,公玉英,成人票,2024-10-19 07:45:00,5,810.00,completed
O000552,U250,宰桂兰,老人票,2024-11-16 10:56:00,3,324.00,completed
O000553,U251,郗云,成人票,2025-04-21 07:31:00,2,324.00,completed
O000554,U252,凤桂荣,儿童票,2024-10-17 05:23:00,2,141.23,completed
O000555,U253,薛洁,成人票,2025-03-09 05:25:00,2,324.00,canceled
O000556,U254,越海燕,儿童票,2024-09-15 03:38:00,3,243.00,canceled
O000557,U255,木玉兰,成人票,2025-01-09 04:59:00,2,306.05,completed
O000558,U256,周帅,VIP票,2025-02-25 11:52:00,4,849.57,completed
O000559,U256,周帅,成人票,2024-05-15 01:08:00,4,648.00,completed
O000560,U256,周帅,儿童票,2024-07-28 07:06:00,1,81.00,completed
O000561,U257,胡勇,成人票,2025-01-06 01:44:00,2,324.00,completed
O000562,U258,钮艳,成人票,2025-05-05 08:08:00,1,162.00,completed
O000563,U259,暨玉兰,夜场票,2025-04-04 08:27:00,3,270.00,completed
O000564,U259,暨玉兰,老人票,2024-09-12 04:32:00,1,108.00,completed
O000565,U259,暨玉兰,VIP票,2024-10-22 11:16:00,3,756.00,completed
O000566,U259,暨玉兰,学生票,2025-01-25 04:59:00,4,540.00,completed
O000567,U259,暨玉兰,学生票,2025-02-17 08:41:00,3,405.00,completed
O000568,U260,全云,VIP票,2025-03-14 08:19:00,3,756.00,completed
O000569,U260,全云,儿童票,2024-06-07 04:15:00,2,162.00,completed
O000570,U261,郦丽丽,儿童票,2024-09-29 09:17:00,2,162.00,completed
O000571,U262,却成,成人票,2024-11-05 10:45:00,1,162.00,completed
O000572,U263,那玉兰,成人票,2024-10-06 03:33:00,1,162.00,completed
O000573,U263,那玉兰,老人票,2025-02-10 05:15:00,3,324.00,completed
O000574,U264,司峰,儿童票,2025-02-15 06:28:00,2,162.00,completed
O000575,U265,宫凯,成人票,2024-07-24 05:46:00,3,486.00,completed
O000576,U266,谭平,成人票,2025-01-11 04:01:00,2,324.00,completed
O000577,U267,匡萍,成人票,2024-05-07 11:04:00,3,486.00,completed
O000578,U268,樊瑜,老人票,2024-10-18 03:19:00,1,108.00,completed
O000579,U269,诸雪,成人票,2024-08-01 11:47:00,1,162.00,completed
O000580,U270,田雷,成人票,2025-03-13 08:01:00,3,486.00,completed
O000581,U271,粱莉,成人票,2024-10-25 10:10:00,1,162.00,completed
O000582,U272,傅云,儿童票,2025-02-06 06:20:00,1,71.15,completed
O000583,U273,骆林,儿童票,2024-05-16 03:48:00,1,81.00,completed
O000584,U274,门莹,成人票,2024-12-31 04:38:00,3,486.00,canceled
O000585,U275,冷俊,成人票,2024-07-15 03:57:00,2,275.18,completed
O000586,U276,顾洋,成人票,2024-08-29 02:02:00,3,486.00,completed
O000587,U277,鱼兰英,儿童票,2024-06-06 04:34:00,2,162.00,completed
O000588,U277,鱼兰英,成人票,2024-08-26 11:46:00,5,810.00,completed
O000589,U277,鱼兰英,学生票,2024-05-29 11:34:00,1,135.00,completed
O000590,U277,鱼兰英,成人票,2024-08-22 05:13:00,5,810.00,completed
O000591,U277,鱼兰英,成人票,2024-09-06 09:35:00,4,531.43,completed
O000592,U277,鱼兰英,团体票,2024-08-04 07:40:00,5,720.00,completed
O000593,U278,康宁,成人票,2024-07-28 11:12:00,1,162.00,canceled
O000594,U279,邱涛,老人票,2024-10-05 05:59:00,3,324.00,completed
O000595,U279,邱涛,VIP票,2024-07-15 09:31:00,1,252.00,completed
O000596,U279,邱涛,儿童票,2024-12-24 12:15:00,4,324.00,completed
O000597,U279,邱涛,VIP票,2025-01-04 04:59:00,3,756.00,completed
O000598,U279,邱涛,团体票,2024-11-09 03:09:00,11,1584.00,completed
O000599,U279,邱涛,学生票,2024-11-24 02:13:00,4,540.00,completed
O000600,U279,邱涛,老人票,2024-07-05 05:53:00,3,324.00,completed
O000601,U279,邱涛,儿童票,2024-08-28 09:47:00,5,405.00,completed
O000602,U279,邱涛,儿童票,2024-12-22 10:56:00,4,324.00,completed
O000603,U279,邱涛,成人票,2025-01-04 06:50:00,2,324.00,canceled
O000604,U280,万娜,成人票,2024-10-09 10:20:00,2,324.00,completed
O000605,U281,赫宇,成人票,2024-05-30 09:15:00,4,648.00,completed
O000606,U281,赫宇,夜场票,2025-05-05 06:02:00,1,90.00,completed
O000607,U281,赫宇,儿童票,2024-06-03 11:43:00,4,324.00,completed
O000608,U281,赫宇,年卡,2025-03-16 11:21:00,1,522.00,completed
O000609,U281,赫宇,夜场票,2024-06-24 01:37:00,2,180.00,completed
O000610,U281,赫宇,儿童票,2025-04-23 11:05:00,3,243.00,completed
O000611,U281,赫宇,老人票,2024-07-01 11:47:00,2,216.00,completed
O000612,U281,赫宇,老人票,2024-10-30 11:10:00,4,432.00,completed
O000613,U281,赫宇,年卡,2024-06-26 11:07:00,1,522.00,completed
O000614,U282,伏龙,VIP票,2024-12-28 11:44:00,1,252.00,completed
O000615,U282,伏龙,成人票,2024-11-29 10:20:00,1,162.00,completed
O000616,U282,伏龙,老人票,2025-04-13 10:01:00,3,324.00,completed
O000617,U282,伏龙,团体票,2024-09-10 10:31:00,5,720.00,completed
O000618,U282,伏龙,成人票,2024-12-29 11:19:00,1,162.00,completed
O000619,U282,伏龙,成人票,2024-07-16 10:37:00,5,810.00,completed
O000620,U283,许杨,成人票,2024-12-04 01:27:00,3,486.00,completed
O000621,U284,鄢倩,儿童票,2024-11-03 08:15:00,1,81.00,canceled
O000622,U285,秦涛,成人票,2025-04-18 07:25:00,2,324.00,completed
O000623,U286,裘涛,成人票,2024-07-18 08:06:00,3,486.00,completed
O000624,U287,庞娜,儿童票,2025-02-20 03:44:00,1,81.00,canceled
O000625,U288,嵇文,老人票,2025-04-21 03:54:00,2,216.00,completed
O000626,U288,嵇文,成人票,2024-10-04 10:23:00,3,486.00,completed
O000627,U288,嵇文,年卡,2024-06-10 05:04:00,1,522.00,completed
O000628,U288,嵇文,老人票,2024-11-16 09:07:00,5,444.06,completed
O000629,U288,嵇文,成人票,2024-10-28 10:09:00,2,274.51,completed
O000630,U288,嵇文,季卡,2024-11-20 09:35:00,1,342.00,completed
O000631,U288,嵇文,儿童票,2025-04-01 11:51:00,2,143.47,completed
O000632,U289,宇桂英,成人票,2025-04-30 01:07:00,3,486.00,completed
O000633,U290,巢龙,儿童票,2025-02-05 03:48:00,2,162.00,completed
O000634,U291,丘杰,月卡,2024-05-31 09:40:00,1,162.00,completed
O000635,U291,丘杰,老人票,2024-05-08 06:10:00,3,324.00,completed
O000636,U291,丘杰,季卡,2024-07-29 03:50:00,1,342.00,completed
O000637,U291,丘杰,成人票,2025-02-18 09:40:00,4,648.00,completed
O000638,U291,丘杰,月卡,2024-11-23 04:49:00,1,162.00,completed
O000639,U291,丘杰,VIP票,2024-12-20 11:14:00,4,943.92,completed
O000640,U291,丘杰,VIP票,2024-12-01 07:46:00,5,1260.00,completed
O000641,U291,丘杰,年卡,2024-11-20 05:26:00,1,466.70,completed
O000642,U291,丘杰,成人票,2025-05-02 11:44:00,2,324.00,completed
O000643,U291,丘杰,儿童票,2025-03-21 05:04:00,3,243.00,completed
O000644,U291,丘杰,年卡,2024-08-20 09:43:00,1,522.00,completed
O000645,U292,宣颖,学生票,2024-05-30 05:52:00,5,596.54,completed
O000646,U292,宣颖,儿童票,2024-07-21 02:18:00,4,324.00,completed
O000647,U292,宣颖,VIP票,2024-06-17 07:02:00,4,1008.00,completed
O000648,U292,宣颖,成人票,2024-06-14 09:35:00,5,810.00,completed
O000649,U292,宣颖,夜场票,2025-01-24 09:47:00,5,450.00,completed
O000650,U292,宣颖,季卡,2024-09-02 04:49:00,1,342.00,completed
O000651,U292,宣颖,夜场票,2024-11-26 07:06:00,4,360.00,completed
O000652,U292,宣颖,团体票,2024-06-30 09:23:00,18,2592.00,completed
O000653,U292,宣颖,儿童票,2024-08-03 06:01:00,5,405.00,completed
O000654,U292,宣颖,月卡,2025-01-04 08:19:00,1,162.00,completed
O000655,U292,宣颖,儿童票,2024-06-12 12:07:00,1,69.02,completed
O000656,U292,宣颖,老人票,2024-06-25 11:55:00,1,108.00,completed
O000657,U292,宣颖,夜场票,2025-03-14 10:30:00,3,270.00,completed
O000658,U292,宣颖,儿童票,2024-08-08 10:55:00,1,66.25,completed
O000659,U292,宣颖,夜场票,2025-03-24 08:30:00,3,270.00,completed
O000660,U292,宣颖,儿童票,2024-08-17 07:51:00,5,405.00,completed
O000661,U292,宣颖,团体票,2024-06-21 09:21:00,12,1728.00,completed
O000662,U292,宣颖,团体票,2025-01-02 05:04:00,18,2592.00,completed
O000663,U292,宣颖,老人票,2024-12-16 11:36:00,2,216.00,completed
O000664,U292,宣颖,季卡,2025-02-24 03:43:00,1,342.00,completed
O000665,U293,佘淑兰,成人票,2024-08-14 09:25:00,1,162.00,completed
O000666,U294,帅彬,成人票,2024-07-06 05:44:00,3,486.00,completed
O000667,U295,鲁秀兰,成人票,2024-07-04 11:51:00,3,433.12,completed
O000668,U296,宇桂芝,成人票,2024-11-26 04:53:00,3,486.00,completed
O000669,U297,文雪梅,学生票,2025-04-12 12:28:00,5,675.00,completed
O000670,U297,文雪梅,成人票,2024-09-20 10:58:00,2,324.00,completed
O000671,U297,文雪梅,成人票,2025-04-24 05:42:00,5,810.00,completed
O000672,U298,周丹,成人票,2025-02-23 03:18:00,2,324.00,completed
O000673,U299,糜杨,儿童票,2024-07-16 09:44:00,2,162.00,completed
O000674,U299,糜杨,学生票,2024-09-24 12:55:00,5,675.00,completed
O000675,U299,糜杨,VIP票,2025-04-03 04:24:00,5,1260.00,completed
O000676,U299,糜杨,成人票,2024-08-31 04:22:00,1,162.00,completed
O000677,U300,徐云,儿童票,2025-01-07 03:21:00,2,162.00,completed
O000678,U301,杜红梅,成人票,2025-01-09 09:11:00,2,324.00,completed
O000679,U302,柴春梅,成人票,2025-01-28 08:39:00,1,162.00,completed
O000680,U303,冶桂香,成人票,2024-07-12 09:35:00,2,278.20,completed
O000681,U303,冶桂香,儿童票,2024-08-16 11:11:00,1,81.00,completed
O000682,U303,冶桂香,儿童票,2024-06-09 03:10:00,2,162.00,completed
O000683,U303,冶桂香,VIP票,2025-04-10 12:52:00,3,756.00,completed
O000684,U304,诸欢,老人票,2024-11-07 09:17:00,2,216.00,completed
O000685,U304,诸欢,成人票,2024-12-28 10:12:00,5,810.00,completed
O000686,U304,诸欢,成人票,2024-12-20 05:13:00,5,810.00,completed
O000687,U305,狐玉珍,成人票,2024-05-16 04:50:00,3,486.00,completed
O000688,U306,秋欢,成人票,2025-04-27 09:11:00,2,307.70,canceled
O000689,U307,茅燕,成人票,2024-10-27 07:59:00,2,324.00,completed
O000690,U308,迟云,成人票,2024-12-12 04:49:00,4,648.00,completed
O000691,U308,迟云,成人票,2024-12-01 09:03:00,5,810.00,completed
O000692,U309,木婷,成人票,2025-02-25 10:01:00,2,324.00,completed
O000693,U310,谷琴,学生票,2025-04-05 11:10:00,4,540.00,completed
O000694,U310,谷琴,成人票,2024-08-01 04:23:00,3,486.00,completed
O000695,U310,谷琴,季卡,2025-01-25 09:44:00,1,298.80,completed
O000696,U310,谷琴,年卡,2024-07-07 12:42:00,1,522.00,completed
O000697,U310,谷琴,VIP票,2024-11-15 11:52:00,2,504.00,completed
O000698,U310,谷琴,团体票,2024-10-04 10:43:00,18,2592.00,completed
O000699,U310,谷琴,月卡,2024-10-09 02:05:00,1,133.36,completed
O000700,U310,谷琴,季卡,2025-03-11 10:54:00,1,342.00,completed
O000701,U310,谷琴,月卡,2024-08-15 03:46:00,1,162.00,completed
O000702,U310,谷琴,老人票,2024-05-11 09:41:00,1,108.00,completed
O000703,U310,谷琴,夜场票,2025-04-21 09:14:00,1,90.00,completed
O000704,U310,谷琴,儿童票,2024-06-03 05:56:00,1,71.96,completed
O000705,U310,谷琴,成人票,2025-02-06 10:02:00,4,648.00,completed
O000706,U310,谷琴,月卡,2025-04-20 03:28:00,1,162.00,canceled
O000707,U310,谷琴,月卡,2024-09-12 05:25:00,1,162.00,completed
O000708,U310,谷琴,VIP票,2024-06-14 07:57:00,1,252.00,completed
O000709,U310,谷琴,成人票,2024-08-08 05:20:00,1,130.67,completed
O000710,U311,宓秀华,老人票,2025-02-23 10:56:00,3,324.00,completed
O000711,U312,戎东,成人票,2024-12-03 07:14:00,4,648.00,completed
O000712,U312,戎东,VIP票,2024-06-05 05:38:00,4,955.74,completed
O000713,U312,戎东,VIP票,2024-12-12 07:03:00,3,756.00,completed
O000714,U312,戎东,成人票,2025-04-10 11:34:00,5,810.00,completed
O000715,U313,窦芳,成人票,2024-12-03 03:23:00,1,139.72,canceled
O000716,U314,甘超,成人票,2025-02-25 04:16:00,2,324.00,completed
O000717,U315,糜燕,成人票,2025-01-11 09:04:00,3,486.00,completed
O000718,U315,糜燕,VIP票,2024-11-03 10:22:00,1,252.00,completed
O000719,U315,糜燕,老人票,2024-11-11 11:15:00,4,432.00,completed
O000720,U315,糜燕,儿童票,2025-04-02 04:25:00,3,199.58,completed
O000721,U315,糜燕,儿童票,2025-04-02 11:19:00,3,243.00,completed
O000722,U316,屠丹,成人票,2024-09-05 11:26:00,2,324.00,completed
O000723,U317,厉成,成人票,2024-12-18 06:50:00,3,486.00,completed
O000724,U318,贺瑜,儿童票,2024-08-29 11:42:00,3,225.96,completed
O000725,U319,鄂博,成人票,2024-06-11 05:24:00,1,162.00,completed
O000726,U320,查娟,成人票,2024-09-03 10:05:00,2,324.00,completed
O000727,U321,韦丹,儿童票,2025-01-18 12:19:00,1,81.00,completed
O000728,U321,韦丹,学生票,2025-01-24 05:07:00,1,135.00,completed
O000729,U321,韦丹,成人票,2024-08-27 05:56:00,2,324.00,completed
O000730,U321,韦丹,儿童票,2025-04-21 07:15:00,2,162.00,completed
O000731,U322,党红霞,老人票,2025-04-19 06:22:00,4,432.00,completed
O000732,U322,党红霞,儿童票,2024-08-30 04:39:00,3,243.00,completed
O000733,U323,蒯超,儿童票,2025-05-02 05:10:00,2,147.07,canceled
O000734,U324,黎秀梅,成人票,2024-05-20 11:15:00,1,162.00,completed
O000735,U325,寇秀珍,成人票,2025-02-18 03:14:00,1,162.00,canceled
O000736,U326,祁桂荣,成人票,2024-07-30 10:20:00,2,324.00,canceled
O000737,U327,简红霞,成人票,2025-02-01 05:45:00,2,324.00,canceled
O000738,U328,昌婷,成人票,2025-02-26 11:32:00,2,324.00,completed
O000739,U329,马岩,成人票,2025-01-17 04:38:00,5,810.00,completed
O000740,U329,马岩,学生票,2025-03-14 01:05:00,2,270.00,completed
O000741,U329,马岩,儿童票,2025-05-05 11:16:00,1,81.00,completed
O000742,U329,马岩,成人票,2025-03-20 03:26:00,4,648.00,completed
O000743,U329,马岩,成人票,2025-05-06 02:31:00,3,486.00,completed
O000744,U329,马岩,老人票,2024-11-03 06:52:00,2,216.00,completed
O000745,U330,晋佳,学生票,2024-09-21 03:15:00,3,405.00,completed
O000746,U331,柏秀荣,成人票,2024-10-23 04:24:00,3,486.00,completed
O000747,U332,容明,儿童票,2025-03-16 04:41:00,4,324.00,completed
O000748,U332,容明,成人票,2024-11-25 04:55:00,4,648.00,completed
O000749,U332,容明,学生票,2024-07-06 11:51:00,5,675.00,completed
O000750,U333,蓝桂珍,成人票,2025-01-31 01:36:00,1,162.00,completed
O000751,U334,阳超,成人票,2024-05-15 10:46:00,1,162.00,completed
O000752,U335,甫玉梅,成人票,2025-01-10 03:25:00,2,324.00,completed
O000753,U336,唐玉,成人票,2024-06-17 06:54:00,2,324.00,completed
O000754,U337,上阳,成人票,2025-03-12 11:23:00,1,162.00,completed
O000755,U338,成波,成人票,2024-10-08 10:08:00,2,278.88,completed
O000756,U339,后静,团体票,2025-04-27 09:08:00,17,2448.00,completed
O000757,U339,后静,VIP票,2024-07-24 11:53:00,3,756.00,completed
O000758,U339,后静,成人票,2024-09-24 11:45:00,2,324.00,completed
O000759,U339,后静,学生票,2024-05-11 11:47:00,1,135.00,completed
O000760,U339,后静,夜场票,2025-01-09 04:48:00,4,360.00,completed
O000761,U339,后静,成人票,2025-04-12 05:00:00,5,810.00,completed
O000762,U339,后静,夜场票,2024-10-18 10:24:00,5,450.00,completed
O000763,U340,司磊,成人票,2024-06-22 05:36:00,3,486.00,completed
O000764,U340,司磊,老人票,2024-10-06 07:14:00,1,101.13,completed
O000765,U340,司磊,成人票,2025-03-14 04:52:00,3,486.00,completed
O000766,U340,司磊,团体票,2024-11-12 11:44:00,10,1440.00,completed
O000767,U340,司磊,成人票,2025-02-04 09:22:00,3,486.00,completed
O000768,U340,司磊,夜场票,2025-02-07 09:58:00,3,270.00,completed
O000769,U340,司磊,季卡,2024-07-09 02:45:00,1,293.18,completed
O000770,U341,车小红,儿童票,2024-11-06 07:38:00,3,243.00,completed
O000771,U341,车小红,成人票,2024-09-23 04:53:00,1,162.00,completed
O000772,U341,车小红,学生票,2024-08-06 07:27:00,4,540.00,completed
O000773,U341,车小红,老人票,2025-01-25 05:26:00,2,216.00,completed
O000774,U341,车小红,学生票,2024-09-11 11:31:00,2,270.00,completed
O000775,U342,跋玉珍,成人票,2024-08-13 11:17:00,1,162.00,completed
O000776,U343,尹丹,成人票,2024-11-25 11:07:00,2,324.00,completed
O000777,U344,和楠,成人票,2024-10-08 05:29:00,2,288.32,completed
O000778,U345,郜慧,老人票,2024-06-07 06:22:00,4,432.00,completed
O000779,U345,郜慧,老人票,2024-05-16 03:34:00,3,269.14,completed
O000780,U345,郜慧,儿童票,2024-07-20 10:00:00,4,324.00,completed
O000781,U345,郜慧,老人票,2024-07-01 10:45:00,3,324.00,completed
O000782,U346,衡红,老人票,2025-03-29 10:59:00,2,216.00,completed
O000783,U347,何雷,夜场票,2024-11-23 09:53:00,2,180.00,completed
O000784,U347,何雷,VIP票,2024-07-19 10:40:00,3,756.00,completed
O000785,U347,何雷,夜场票,2025-04-07 11:00:00,5,450.00,completed
O000786,U347,何雷,季卡,2025-01-04 04:25:00,1,342.00,completed
O000787,U347,何雷,VIP票,2024-09-25 12:43:00,3,756.00,completed
O000788,U347,何雷,成人票,2025-02-07 04:22:00,4,648.00,completed
O000789,U347,何雷,儿童票,2024-08-08 07:26:00,4,305.65,completed
O000790,U347,何雷,年卡,2025-02-03 05:12:00,1,522.00,completed
O000791,U347,何雷,夜场票,2024-07-17 10:46:00,3,270.00,completed
O000792,U348,宇鹏,老人票,2025-04-24 10:46:00,2,216.00,completed
O000793,U349,魏坤,成人票,2024-05-14 09:14:00,2,324.00,completed
O000794,U350,卜丽丽,成人票,2024-08-29 05:18:00,3,486.00,completed
O000795,U350,卜丽丽,儿童票,2024-05-20 04:45:00,3,243.00,completed
O000796,U350,卜丽丽,学生票,2024-08-14 10:02:00,3,325.04,completed
O000797,U351,穆秀英,学生票,2024-12-18 11:04:00,3,405.00,completed
O000798,U351,穆秀英,学生票,2024-11-04 11:59:00,3,405.00,completed
O000799,U351,穆秀英,成人票,2025-02-27 09:25:00,3,486.00,completed
O000800,U351,穆秀英,成人票,2024-08-06 04:51:00,1,162.00,completed
O000801,U352,昌小红,成人票,2024-09-15 04:45:00,2,324.00,completed
O000802,U353,苍冬梅,儿童票,2024-05-10 12:19:00,2,162.00,completed
O000803,U353,苍冬梅,成人票,2024-08-27 05:43:00,1,162.00,completed
O000804,U353,苍冬梅,老人票,2025-04-01 11:05:00,4,432.00,completed
O000805,U353,苍冬梅,团体票,2024-06-10 10:23:00,1,133.25,completed
O000806,U354,索磊,成人票,2025-04-02 03:32:00,1,162.00,completed
O000807,U355,夔桂芝,成人票,2024-11-23 03:33:00,1,136.49,completed
O000808,U356,孙梅,成人票,2025-03-04 08:56:00,2,324.00,completed
O000809,U357,通想,成人票,2024-08-08 10:53:00,3,418.33,completed
O000810,U358,良秀云,成人票,2025-03-30 03:23:00,1,162.00,completed
O000811,U359,和秀荣,成人票,2024-05-21 04:13:00,2,324.00,completed
O000812,U360,法琳,儿童票,2024-06-21 04:50:00,2,162.00,completed
O000813,U360,法琳,年卡,2025-01-20 09:39:00,1,522.00,completed
O000814,U360,法琳,学生票,2024-12-04 04:32:00,3,405.00,completed
O000815,U360,法琳,学生票,2025-03-03 05:00:00,1,135.00,completed
O000816,U360,法琳,夜场票,2025-04-03 09:25:00,5,450.00,completed
O000817,U360,法琳,季卡,2024-05-26 04:56:00,1,342.00,completed
O000818,U360,法琳,学生票,2024-05-28 03:03:00,5,675.00,completed
O000819,U360,法琳,成人票,2024-11-04 05:25:00,5,810.00,completed
O000820,U360,法琳,儿童票,2024-12-30 03:25:00,3,243.00,completed
O000821,U360,法琳,成人票,2024-07-20 08:43:00,1,162.00,completed
O000822,U360,法琳,老人票,2024-08-20 08:18:00,5,442.58,completed
O000823,U360,法琳,成人票,2024-05-28 03:31:00,1,162.00,completed
O000824,U360,法琳,儿童票,2024-10-04 01:57:00,5,405.00,completed
O000825,U360,法琳,季卡,2024-09-04 10:29:00,1,291.80,completed
O000826,U360,法琳,老人票,2024-08-24 05:18:00,2,216.00,completed
O000827,U360,法琳,夜场票,2025-04-15 09:30:00,5,450.00,completed
O000828,U360,法琳,月卡,2024-08-30 06:41:00,1,162.00,completed
O000829,U360,法琳,团体票,2025-02-06 09:57:00,16,2304.00,completed
O000830,U361,谷瑜,成人票,2024-08-27 06:20:00,2,324.00,completed
O000831,U362,赏波,成人票,2024-12-19 10:47:00,2,324.00,completed
O000832,U363,富华,学生票,2025-03-13 09:23:00,1,135.00,completed
O000833,U364,闫斌,团体票,2024-09-11 07:52:00,4,576.00,completed
O000834,U364,闫斌,成人票,2024-07-07 11:33:00,4,648.00,completed
O000835,U364,闫斌,学生票,2024-12-01 04:10:00,4,540.00,completed
O000836,U364,闫斌,成人票,2024-05-08 10:52:00,3,486.00,completed
O000837,U364,闫斌,老人票,2024-09-18 11:48:00,3,324.00,completed
O000838,U364,闫斌,成人票,2024-06-23 04:40:00,2,324.00,completed
O000839,U365,邬娟,VIP票,2025-02-08 10:36:00,1,252.00,completed
O000840,U365,邬娟,老人票,2024-09-06 11:13:00,4,432.00,completed
O000841,U365,邬娟,成人票,2024-10-27 11:49:00,4,648.00,completed
O000842,U366,岑倩,成人票,2025-05-04 11:20:00,3,486.00,completed
O000843,U367,空凤英,学生票,2025-02-27 09:56:00,2,270.00,canceled
O000844,U367,空凤英,学生票,2024-11-22 10:35:00,3,405.00,completed
O000845,U368,麻辉,成人票,2024-06-01 10:27:00,2,324.00,completed
O000846,U368,麻辉,老人票,2024-09-18 02:24:00,3,324.00,completed
O000847,U368,麻辉,老人票,2024-05-14 09:40:00,5,540.00,completed
O000848,U368,麻辉,学生票,2025-02-28 10:53:00,1,135.00,completed
O000849,U368,麻辉,成人票,2024-07-14 11:02:00,1,162.00,completed
O000850,U368,麻辉,成人票,2025-03-15 11:36:00,1,162.00,canceled
O000851,U368,麻辉,成人票,2024-06-26 11:03:00,5,810.00,completed
O000852,U368,麻辉,学生票,2025-04-20 04:30:00,1,135.00,completed
O000853,U369,西玉,夜场票,2024-10-13 10:18:00,4,360.00,completed
O000854,U369,西玉,成人票,2025-02-22 05:57:00,2,324.00,completed
O000855,U369,西玉,老人票,2024-11-03 09:13:00,5,540.00,completed
O000856,U369,西玉,团体票,2025-01-28 04:29:00,15,2160.00,completed
O000857,U369,西玉,学生票,2025-04-27 10:19:00,4,435.11,completed
O000858,U369,西玉,成人票,2024-08-15 11:24:00,1,162.00,completed
O000859,U369,西玉,VIP票,2025-03-31 05:49:00,5,1260.00,completed
O000860,U370,子佳,儿童票,2025-04-06 05:13:00,2,162.00,canceled
O000861,U371,萧伟,老人票,2024-08-20 02:52:00,3,324.00,completed
O000862,U371,萧伟,VIP票,2024-11-24 10:34:00,3,657.54,completed
O000863,U372,巫丽丽,成人票,2024-10-22 07:03:00,3,486.00,completed
O000864,U373,方林,学生票,2025-05-06 10:22:00,2,270.00,completed
O000865,U374,满颖,儿童票,2024-06-24 04:54:00,3,243.00,completed
O000866,U375,牟雪梅,成人票,2025-04-03 11:14:00,1,162.00,completed
O000867,U376,水红,儿童票,2024-10-29 04:33:00,5,405.00,completed
O000868,U376,水红,学生票,2025-05-06 05:44:00,4,540.00,completed
O000869,U376,水红,老人票,2024-08-04 09:47:00,5,540.00,completed
O000870,U377,巴瑜,成人票,2025-03-14 04:05:00,2,324.00,completed
O000871,U378,孙秀英,成人票,2024-09-01 09:05:00,2,324.00,completed
O000872,U379,居桂兰,团体票,2024-05-26 09:13:00,1,144.00,completed
O000873,U379,居桂兰,儿童票,2024-06-10 04:57:00,2,162.00,completed
O000874,U379,居桂兰,儿童票,2025-01-08 09:29:00,4,284.01,completed
O000875,U379,居桂兰,成人票,2024-09-15 03:56:00,3,486.00,completed
O000876,U379,居桂兰,成人票,2024-06-27 12:58:00,5,810.00,completed
O000877,U379,居桂兰,老人票,2024-08-05 11:18:00,3,324.00,completed
O000878,U380,赏玉华,儿童票,2024-05-14 05:02:00,1,81.00,completed
O000879,U381,益丽,儿童票,2024-09-05 06:51:00,2,162.00,canceled
O000880,U382,姜玉华,儿童票,2025-03-01 03:15:00,1,81.00,completed
O000881,U383,汲玉兰,儿童票,2025-04-01 07:18:00,4,324.00,completed
O000882,U383,汲玉兰,老人票,2024-06-27 05:03:00,4,432.00,completed
O000883,U383,汲玉兰,VIP票,2025-04-27 04:00:00,1,252.00,completed
O000884,U383,汲玉兰,老人票,2024-10-17 04:16:00,5,540.00,completed
O000885,U383,汲玉兰,儿童票,2024-11-30 09:52:00,4,324.00,completed
O000886,U384,双建平,成人票,2024-08-27 03:02:00,1,162.00,completed
O000887,U385,蔡东,成人票,2024-11-23 11:06:00,2,324.00,completed
O000888,U386,孙淑珍,成人票,2024-06-16 05:39:00,2,324.00,completed
O000889,U387,郦文,成人票,2024-06-18 09:44:00,1,162.00,completed
O000890,U388,郭旭,成人票,2025-03-23 01:04:00,3,486.00,completed
O000891,U389,古淑兰,季卡,2025-02-01 03:34:00,1,342.00,completed
O000892,U389,古淑兰,夜场票,2025-03-24 03:27:00,3,236.76,completed
O000893,U389,古淑兰,VIP票,2024-07-02 09:08:00,2,425.20,completed
O000894,U389,古淑兰,夜场票,2024-11-06 05:47:00,3,270.00,completed
O000895,U389,古淑兰,成人票,2024-12-16 06:19:00,5,810.00,completed
O000896,U389,古淑兰,学生票,2025-01-07 03:22:00,1,135.00,completed
O000897,U389,古淑兰,老人票,2024-10-26 08:46:00,1,100.82,completed
O000898,U389,古淑兰,儿童票,2025-03-20 05:04:00,2,138.01,completed
O000899,U389,古淑兰,成人票,2024-11-05 09:26:00,4,648.00,completed
O000900,U389,古淑兰,学生票,2024-05-27 06:37:00,5,675.00,completed
O000901,U390,宗强,成人票,2025-04-02 06:14:00,2,324.00,completed
O000902,U391,暴坤,老人票,2025-04-14 11:41:00,1,108.00,completed
O000903,U392,葛慧,儿童票,2025-01-30 09:37:00,2,162.00,completed
O000904,U393,封桂芳,成人票,2025-04-17 10:02:00,2,324.00,completed
O000905,U393,封桂芳,儿童票,2024-05-20 11:33:00,3,243.00,completed
O000906,U394,仲霞,成人票,2025-03-30 05:35:00,4,648.00,completed
O000907,U394,仲霞,儿童票,2025-03-28 10:20:00,2,162.00,completed
O000908,U395,沙桂花,成人票,2024-09-17 03:51:00,2,324.00,completed
O000909,U396,赵慧,成人票,2024-08-06 08:59:00,2,324.00,completed
O000910,U397,蒙英,成人票,2024-08-28 08:18:00,1,162.00,completed
O000911,U398,公雪,成人票,2025-01-25 10:48:00,2,324.00,completed
O000912,U399,离楠,成人票,2025-01-24 03:13:00,3,486.00,completed
O000913,U400,呼伟,成人票,2025-01-11 10:10:00,3,486.00,completed
O000914,U401,左建国,成人票,2024-09-06 09:13:00,1,162.00,canceled
O000915,U402,厉秀云,VIP票,2024-05-24 06:37:00,3,756.00,completed
O000916,U402,厉秀云,成人票,2024-07-16 10:25:00,1,162.00,completed
O000917,U403,颜杰,成人票,2025-01-13 01:22:00,3,486.00,completed
O000918,U404,笪晨,成人票,2024-06-23 10:28:00,3,486.00,canceled
O000919,U405,慕桂芝,老人票,2025-01-11 03:52:00,1,108.00,completed
O000920,U406,厉琳,VIP票,2024-08-23 05:49:00,3,756.00,completed
O000921,U406,厉琳,成人票,2024-08-10 10:40:00,3,445.20,completed
O000922,U407,陈瑞,成人票,2024-09-22 09:54:00,2,324.00,completed
O000923,U408,邵阳,成人票,2025-01-18 12:06:00,1,162.00,completed
O000924,U409,郗健,成人票,2025-04-27 11:53:00,2,324.00,completed
O000925,U410,鞠玉,成人票,2025-02-25 07:07:00,1,162.00,completed
O000926,U411,寇雪梅,儿童票,2024-12-16 06:30:00,2,162.00,completed
O000927,U412,闾洋,成人票,2024-09-08 11:37:00,4,648.00,completed
O000928,U412,闾洋,团体票,2024-07-05 05:02:00,2,288.00,completed
O000929,U412,闾洋,成人票,2024-05-29 06:48:00,2,324.00,completed
O000930,U413,孟婷婷,成人票,2025-03-15 03:09:00,2,324.00,completed
O000931,U414,澹华,成人票,2025-04-01 02:12:00,2,270.45,completed
O000932,U414,澹华,老人票,2025-01-30 10:18:00,4,432.00,completed
O000933,U414,澹华,学生票,2024-07-25 03:18:00,5,560.58,completed
O000934,U414,澹华,团体票,2024-07-17 09:40:00,2,288.00,completed
O000935,U414,澹华,老人票,2025-02-25 03:56:00,1,108.00,completed
O000936,U414,澹华,团体票,2024-12-06 11:49:00,3,432.00,completed
O000937,U415,濮秀珍,儿童票,2024-08-02 05:00:00,1,81.00,completed
O000938,U416,田坤,儿童票,2024-05-14 11:12:00,1,81.00,completed
O000939,U417,蔚秀梅,成人票,2024-09-10 09:24:00,5,810.00,completed
O000940,U417,蔚秀梅,成人票,2025-04-09 05:07:00,3,435.61,completed
O000941,U417,蔚秀梅,成人票,2024-07-15 04:07:00,4,648.00,completed
O000942,U417,蔚秀梅,夜场票,2025-04-07 04:02:00,3,270.00,completed
O000943,U418,宫健,成人票,2025-02-15 03:21:00,3,486.00,completed
O000944,U419,笪博,成人票,2025-03-31 05:17:00,2,324.00,completed
O000945,U420,杨成,成人票,2024-12-21 03:02:00,5,681.57,completed
O000946,U420,杨成,儿童票,2024-10-05 02:39:00,4,324.00,completed
O000947,U420,杨成,儿童票,2025-02-19 03:55:00,5,405.00,completed
O000948,U420,杨成,成人票,2024-09-07 11:18:00,4,648.00,completed
O000949,U420,杨成,成人票,2025-03-21 11:47:00,4,648.00,completed
O000950,U420,杨成,儿童票,2025-01-13 09:11:00,5,405.00,completed
O000951,U421,晋佳,成人票,2024-08-18 09:18:00,1,162.00,completed
O000952,U422,龙岩,成人票,2024-11-10 11:56:00,2,324.00,completed
O000953,U423,淳岩,成人票,2024-12-18 03:32:00,1,162.00,completed
O000954,U423,淳岩,儿童票,2024-12-16 04:37:00,1,81.00,completed
O000955,U424,笪旭,成人票,2025-02-21 05:14:00,2,324.00,completed
O000956,U425,安东,成人票,2025-03-28 04:08:00,3,486.00,completed
O000957,U426,段兰英,成人票,2025-04-28 08:01:00,2,324.00,completed
O000958,U427,雕萍,成人票,2024-12-04 11:00:00,2,324.00,completed
O000959,U428,于璐,成人票,2024-06-22 04:42:00,1,162.00,canceled
O000960,U429,茅莹,儿童票,2024-10-21 11:41:00,2,162.00,completed
O000961,U430,葛桂香,成人票,2024-07-19 04:56:00,4,648.00,completed
O000962,U430,葛桂香,老人票,2024-08-26 04:48:00,1,108.00,completed
O000963,U430,葛桂香,团体票,2024-08-11 11:33:00,20,2880.00,completed
O000964,U430,葛桂香,年卡,2024-12-15 12:40:00,1,522.00,completed
O000965,U430,葛桂香,成人票,2024-05-19 04:09:00,2,324.00,completed
O000966,U430,葛桂香,团体票,2024-06-03 04:12:00,11,1584.00,completed
O000967,U430,葛桂香,儿童票,2024-11-15 09:12:00,3,243.00,completed
O000968,U430,葛桂香,夜场票,2024-12-22 04:55:00,1,90.00,completed
O000969,U431,弘淑英,成人票,2025-01-30 01:33:00,1,162.00,completed
O000970,U431,弘淑英,老人票,2025-03-11 09:56:00,3,324.00,completed
O000971,U431,弘淑英,成人票,2024-07-05 10:40:00,4,648.00,completed
O000972,U432,蔺建平,成人票,2024-09-02 03:12:00,2,324.00,completed
O000973,U433,郜海燕,成人票,2025-03-26 11:22:00,2,324.00,completed
O000974,U434,关旭,学生票,2025-02-18 08:25:00,2,270.00,completed
O000975,U434,关旭,学生票,2024-09-14 04:04:00,3,405.00,completed
O000976,U435,靳丹,成人票,2024-12-16 06:21:00,1,162.00,completed
O000977,U436,阙艳,成人票,2024-10-16 04:15:00,3,432.59,canceled
O000978,U437,云帅,成人票,2024-12-26 05:14:00,3,486.00,completed
O000979,U438,项秀珍,成人票,2024-08-08 04:12:00,2,324.00,completed
O000980,U439,印淑华,成人票,2024-07-07 04:09:00,1,162.00,completed
O000981,U440,郦东,成人票,2024-10-22 05:53:00,3,486.00,completed
O000982,U441,融秀珍,成人票,2025-01-24 08:42:00,3,450.66,canceled
O000983,U442,扶建国,儿童票,2025-03-07 09:41:00,1,81.00,completed
O000984,U443,能玉兰,成人票,2025-01-20 03:52:00,4,648.00,completed
O000985,U443,能玉兰,年卡,2024-05-21 03:05:00,1,522.00,completed
O000986,U443,能玉兰,成人票,2025-04-07 10:13:00,1,162.00,completed
O000987,U443,能玉兰,夜场票,2025-03-22 03:28:00,5,450.00,completed
O000988,U443,能玉兰,夜场票,2024-08-18 10:46:00,1,90.00,completed
O000989,U443,能玉兰,VIP票,2025-04-27 04:29:00,1,252.00,completed
O000990,U443,能玉兰,VIP票,2024-07-28 11:17:00,1,252.00,completed
O000991,U444,空利,儿童票,2024-11-14 04:52:00,2,162.00,completed
O000992,U445,夔秀芳,成人票,2025-04-07 10:39:00,2,324.00,completed
O000993,U446,能红霞,儿童票,2024-09-07 09:02:00,4,324.00,completed
O000994,U446,能红霞,成人票,2025-05-01 11:03:00,2,324.00,completed
O000995,U447,吕佳,成人票,2025-03-09 10:15:00,3,486.00,completed
O000996,U447,吕佳,学生票,2024-09-05 05:03:00,2,270.00,canceled
O000997,U447,吕佳,成人票,2025-03-02 12:07:00,4,648.00,completed
O000998,U448,司雪,成人票,2024-11-09 02:24:00,1,162.00,completed
O000999,U449,生红,成人票,2024-07-10 05:21:00,3,486.00,completed
O001000,U450,陈淑珍,成人票,2024-10-12 11:30:00,2,324.00,completed
O001001,U450,陈淑珍,学生票,2024-12-22 01:30:00,2,270.00,completed
O001002,U450,陈淑珍,儿童票,2024-08-06 03:37:00,1,81.00,completed
O001003,U450,陈淑珍,儿童票,2024-06-08 05:09:00,2,162.00,completed
O001004,U450,陈淑珍,老人票,2024-05-19 03:37:00,1,108.00,completed
O001005,U451,乐倩,成人票,2024-06-21 09:28:00,3,486.00,completed
O001006,U451,乐倩,老人票,2024-08-05 02:32:00,4,432.00,completed
O001007,U451,乐倩,成人票,2024-05-30 03:27:00,3,486.00,completed
O001008,U451,乐倩,成人票,2024-05-15 08:07:00,3,452.79,completed
O001009,U452,端杰,成人票,2024-05-10 08:22:00,5,810.00,completed
O001010,U452,端杰,老人票,2025-03-03 12:45:00,3,324.00,completed
O001011,U452,端杰,成人票,2025-01-29 04:56:00,2,324.00,completed
O001012,U452,端杰,儿童票,2025-01-08 07:09:00,3,243.00,completed
O001013,U452,端杰,儿童票,2024-12-27 04:27:00,2,162.00,completed
O001014,U452,端杰,学生票,2025-04-28 01:47:00,4,540.00,canceled
O001015,U453,戚璐,成人票,2024-06-04 03:41:00,2,324.00,completed
O001016,U454,徒刚,成人票,2024-05-28 05:35:00,3,486.00,completed
O001017,U455,仲兰英,成人票,2024-05-31 03:33:00,4,648.00,completed
O001018,U455,仲兰英,儿童票,2024-10-19 10:44:00,2,162.00,completed
O001019,U455,仲兰英,儿童票,2025-02-13 03:40:00,3,243.00,completed
O001020,U455,仲兰英,老人票,2025-03-17 11:04:00,3,324.00,completed
O001021,U455,仲兰英,儿童票,2025-01-09 11:35:00,3,243.00,completed
O001022,U455,仲兰英,儿童票,2025-02-28 06:16:00,4,324.00,completed
O001023,U456,东英,团体票,2024-12-01 11:24:00,4,576.00,canceled
O001024,U456,东英,VIP票,2025-03-23 03:58:00,4,822.00,completed
O001025,U456,东英,儿童票,2025-03-14 03:37:00,1,81.00,completed
O001026,U456,东英,VIP票,2024-11-16 05:38:00,2,504.00,completed
O001027,U456,东英,VIP票,2024-09-24 04:33:00,2,504.00,completed
O001028,U456,东英,儿童票,2025-03-30 09:28:00,1,81.00,completed
O001029,U457,昌峰,成人票,2024-11-19 08:39:00,5,810.00,completed
O001030,U457,昌峰,儿童票,2024-07-24 04:50:00,4,324.00,completed
O001031,U458,文凤英,老人票,2024-06-05 10:21:00,2,216.00,completed
O001032,U458,文凤英,儿童票,2024-12-10 09:01:00,1,81.00,completed
O001033,U458,文凤英,学生票,2024-10-04 11:59:00,1,135.00,completed
O001034,U459,印秀珍,学生票,2024-12-11 05:27:00,3,405.00,completed
O001035,U460,爱桂珍,成人票,2025-01-16 10:52:00,1,162.00,completed
O001036,U461,仰艳,成人票,2025-02-21 08:30:00,1,162.00,completed
O001037,U462,赫鑫,成人票,2025-02-22 03:29:00,3,486.00,canceled
O001038,U463,巢颖,成人票,2024-10-23 04:00:00,3,486.00,canceled
O001039,U464,凤桂芝,成人票,2025-02-17 04:24:00,1,162.00,completed
O001040,U465,公秀梅,成人票,2024-09-03 09:16:00,3,486.00,canceled
O001041,U466,聂帆,成人票,2024-11-14 04:18:00,2,324.00,completed
O001042,U467,鄢莉,老人票,2025-04-27 10:34:00,1,108.00,completed
O001043,U467,鄢莉,儿童票,2024-07-31 03:31:00,1,81.00,completed
O001044,U467,鄢莉,儿童票,2024-06-29 01:55:00,4,324.00,completed
O001045,U468,戴秀芳,成人票,2024-12-18 03:55:00,1,162.00,completed
O001046,U469,令娜,成人票,2024-10-03 09:10:00,5,810.00,completed
O001047,U469,令娜,团体票,2024-05-12 03:32:00,4,576.00,completed
O001048,U469,令娜,成人票,2025-01-23 04:48:00,3,486.00,canceled
O001049,U470,东倩,成人票,2025-04-07 05:40:00,2,324.00,completed
O001050,U470,东倩,老人票,2025-04-18 09:30:00,4,432.00,completed
O001051,U470,东倩,儿童票,2024-08-29 10:12:00,2,162.00,completed
O001052,U471,融金凤,成人票,2024-09-29 03:40:00,1,162.00,completed
O001053,U472,蔡洁,成人票,2024-09-28 10:26:00,3,486.00,completed
O001054,U473,邓梅,成人票,2025-03-01 11:34:00,1,136.11,completed
O001055,U474,龚坤,儿童票,2025-03-20 05:17:00,5,405.00,completed
O001056,U474,龚坤,成人票,2024-06-17 09:39:00,3,486.00,completed
O001057,U474,龚坤,年卡,2024-11-16 11:58:00,1,522.00,completed
O001058,U474,龚坤,VIP票,2024-11-06 05:34:00,3,756.00,completed
O001059,U474,龚坤,年卡,2024-07-21 05:32:00,1,522.00,completed
O001060,U474,龚坤,儿童票,2025-02-04 10:51:00,5,405.00,completed
O001061,U474,龚坤,年卡,2025-03-05 07:27:00,1,522.00,completed
O001062,U474,龚坤,月卡,2025-01-23 10:56:00,1,162.00,completed
O001063,U474,龚坤,夜场票,2024-06-23 09:32:00,1,90.00,completed
O001064,U474,龚坤,老人票,2024-11-26 02:03:00,3,324.00,canceled
O001065,U474,龚坤,年卡,2024-06-07 12:31:00,1,522.00,completed
O001066,U474,龚坤,季卡,2025-05-05 10:52:00,1,342.00,completed
O001067,U474,龚坤,学生票,2024-12-26 09:28:00,3,405.00,completed
O001068,U474,龚坤,团体票,2025-04-12 03:09:00,18,2592.00,completed
O001069,U474,龚坤,团体票,2025-01-08 03:41:00,10,1440.00,completed
O001070,U474,龚坤,年卡,2025-04-11 07:56:00,1,522.00,completed
O001071,U474,龚坤,儿童票,2025-03-09 11:17:00,2,162.00,completed
O001072,U474,龚坤,月卡,2025-02-13 09:03:00,1,162.00,completed
O001073,U474,龚坤,老人票,2024-11-09 11:15:00,2,198.00,completed
O001074,U475,巴丽娟,成人票,2025-04-23 12:34:00,1,162.00,completed
O001075,U476,孙小红,儿童票,2024-06-20 05:01:00,1,81.00,completed
O001076,U477,萧淑华,成人票,2025-01-22 04:31:00,2,324.00,completed
O001077,U478,宗岩,学生票,2024-09-15 11:07:00,3,405.00,completed
O001078,U478,宗岩,儿童票,2024-09-02 11:10:00,1,81.00,completed
O001079,U478,宗岩,成人票,2024-08-18 07:01:00,4,648.00,completed
O001080,U479,况云,成人票,2024-07-11 04:09:00,3,486.00,completed
O001081,U480,郦桂珍,成人票,2024-11-09 10:39:00,3,486.00,canceled
O001082,U481,惠丽华,儿童票,2024-05-24 05:57:00,1,81.00,completed
O001083,U481,惠丽华,成人票,2024-07-19 05:31:00,2,282.43,completed
O001084,U481,惠丽华,团体票,2025-03-30 11:40:00,12,1728.00,completed
O001085,U481,惠丽华,老人票,2024-10-28 02:35:00,5,540.00,completed
O001086,U481,惠丽华,季卡,2024-06-19 05:05:00,1,342.00,completed
O001087,U481,惠丽华,成人票,2025-01-25 10:22:00,4,648.00,completed
O001088,U481,惠丽华,成人票,2024-11-09 05:29:00,2,265.03,completed
O001089,U482,曾雷,成人票,2024-05-13 09:29:00,2,324.00,completed
O001090,U483,鄂玉华,成人票,2025-02-06 05:00:00,1,162.00,completed
O001091,U484,嵇旭,VIP票,2024-11-15 11:11:00,2,504.00,completed
O001092,U484,嵇旭,VIP票,2024-08-10 11:39:00,4,1008.00,completed
O001093,U484,嵇旭,儿童票,2024-05-11 07:04:00,5,405.00,completed
O001094,U485,戴秀珍,成人票,2025-03-25 03:37:00,1,162.00,completed
O001095,U486,胡小红,老人票,2024-06-02 09:32:00,4,432.00,completed
O001096,U486,胡小红,儿童票,2025-02-09 06:30:00,3,243.00,completed
O001097,U487,储超,成人票,2024-09-22 09:58:00,1,162.00,completed
O001098,U488,巴利,老人票,2024-10-10 10:27:00,3,281.70,completed
O001099,U488,巴利,老人票,2025-04-06 04:20:00,5,540.00,completed
O001100,U488,巴利,夜场票,2025-03-13 08:09:00,2,180.00,completed
O001101,U488,巴利,成人票,2024-12-14 11:10:00,1,162.00,completed
O001102,U488,巴利,VIP票,2024-05-11 03:20:00,5,1260.00,completed
O001103,U488,巴利,儿童票,2024-11-20 07:17:00,3,243.00,completed
O001104,U488,巴利,VIP票,2025-02-28 10:29:00,1,252.00,completed
O001105,U488,巴利,儿童票,2024-09-17 04:38:00,4,324.00,completed
O001106,U489,段波,VIP票,2024-10-11 03:08:00,2,504.00,completed
O001107,U489,段波,儿童票,2025-01-23 09:00:00,3,243.00,completed
O001108,U489,段波,团体票,2024-08-11 01:36:00,4,501.24,completed
O001109,U489,段波,VIP票,2024-05-19 09:32:00,4,854.76,completed
O001110,U489,段波,VIP票,2024-08-11 08:44:00,5,1260.00,completed
O001111,U489,段波,老人票,2024-12-02 04:06:00,5,540.00,completed
O001112,U490,韦玉华,成人票,2024-12-24 04:55:00,3,420.58,completed
O001113,U491,盛霞,成人票,2025-02-02 10:20:00,2,324.00,completed
O001114,U492,方梅,成人票,2025-01-31 11:30:00,3,486.00,completed
O001115,U493,云晨,成人票,2024-09-02 09:35:00,4,648.00,completed
O001116,U493,云晨,成人票,2025-03-22 11:11:00,4,648.00,completed
O001117,U494,厍玉华,成人票,2024-07-22 09:14:00,2,324.00,completed
O001118,U495,益瑜,学生票,2024-12-03 01:19:00,2,241.62,completed
O001119,U496,魏楠,成人票,2024-08-18 03:34:00,1,162.00,completed
O001120,U497,乔艳,成人票,2024-12-18 05:37:00,2,269.91,completed
O001121,U498,师萍,成人票,2024-07-18 05:12:00,3,486.00,completed
O001122,U499,利丽,儿童票,2024-08-08 05:25:00,5,405.00,completed
O001123,U499,利丽,成人票,2025-02-07 05:44:00,5,810.00,completed
O001124,U500,子婷,成人票,2024-12-26 10:44:00,2,324.00,completed
O001125,U501,师玉,学生票,2025-04-13 10:16:00,2,270.00,completed
O001126,U502,丘英,成人票,2025-04-05 07:32:00,3,486.00,completed
O001127,U503,郦岩,成人票,2024-08-27 03:43:00,3,486.00,completed
O001128,U504,庄秀珍,儿童票,2024-07-27 10:16:00,2,131.12,completed
O001129,U505,诸强,成人票,2025-03-20 10:38:00,3,486.00,completed
O001130,U506,邹璐,老人票,2025-01-26 05:50:00,3,324.00,completed
O001131,U506,邹璐,成人票,2024-12-08 03:39:00,5,810.00,completed
O001132,U506,邹璐,成人票,2024-10-24 09:35:00,4,648.00,completed
O001133,U507,衡瑜,团体票,2024-05-12 03:06:00,1,144.00,completed
O001134,U507,衡瑜,团体票,2024-07-23 03:07:00,5,720.00,completed
O001135,U507,衡瑜,老人票,2024-10-08 04:52:00,1,108.00,completed
O001136,U507,衡瑜,学生票,2024-11-03 05:21:00,4,540.00,completed
O001137,U508,荣秀兰,成人票,2025-03-19 11:31:00,1,162.00,completed
O001138,U509,呼芳,成人票,2024-12-31 05:39:00,3,486.00,completed
O001139,U510,简丹丹,成人票,2025-03-09 03:45:00,1,162.00,completed
O001140,U511,毕玉梅,学生票,2024-12-29 01:35:00,4,540.00,completed
O001141,U511,毕玉梅,成人票,2025-03-30 10:05:00,1,162.00,completed
O001142,U511,毕玉梅,成人票,2024-11-14 09:56:00,4,648.00,completed
O001143,U511,毕玉梅,老人票,2024-10-03 08:14:00,3,324.00,completed
O001144,U511,毕玉梅,儿童票,2025-01-09 04:52:00,1,81.00,completed
O001145,U511,毕玉梅,成人票,2025-03-14 05:18:00,3,486.00,completed
O001146,U512,怀雪梅,成人票,2024-12-29 11:27:00,2,324.00,completed
O001147,U513,爱玉珍,老人票,2024-09-12 07:39:00,2,216.00,completed
O001148,U514,封鹏,儿童票,2024-11-21 09:25:00,3,243.00,completed
O001149,U514,封鹏,VIP票,2024-07-15 08:45:00,3,756.00,completed
O001150,U514,封鹏,成人票,2024-12-08 10:46:00,4,648.00,completed
O001151,U514,封鹏,成人票,2025-05-01 05:42:00,1,162.00,completed
O001152,U514,封鹏,团体票,2025-04-18 04:57:00,2,288.00,completed
O001153,U515,厉俊,老人票,2025-01-14 04:53:00,1,100.60,canceled
O001154,U516,胥雷,儿童票,2025-04-19 11:35:00,5,356.30,completed
O001155,U516,胥雷,成人票,2024-06-06 12:39:00,1,162.00,completed
O001156,U517,于春梅,成人票,2024-08-21 03:42:00,1,162.00,canceled
O001157,U518,谷磊,成人票,2025-03-02 07:59:00,2,324.00,canceled
O001158,U519,莫荣,老人票,2024-06-28 11:53:00,4,432.00,completed
O001159,U519,莫荣,学生票,2024-09-10 09:06:00,5,675.00,completed
O001160,U519,莫荣,成人票,2024-06-06 11:27:00,1,162.00,completed
O001161,U519,莫荣,成人票,2024-09-22 07:21:00,2,324.00,completed
O001162,U519,莫荣,老人票,2025-02-03 10:45:00,1,108.00,completed
O001163,U520,冀丹,成人票,2024-11-17 10:43:00,2,324.00,completed
O001164,U521,韶丽娟,成人票,2024-07-11 12:41:00,1,162.00,completed
O001165,U522,于彬,成人票,2024-10-09 09:09:00,1,162.00,completed
O001166,U523,阳峰,成人票,2024-05-21 08:53:00,3,486.00,completed
O001167,U524,滑芳,成人票,2024-06-17 04:18:00,1,162.00,completed
O001168,U525,佘玉华,成人票,2025-05-06 10:21:00,2,324.00,completed
O001169,U526,东秀英,学生票,2025-01-23 09:30:00,1,135.00,completed
O001170,U526,东秀英,VIP票,2025-01-15 02:11:00,2,504.00,completed
O001171,U526,东秀英,成人票,2025-05-02 04:21:00,5,810.00,completed
O001172,U527,扈桂芳,成人票,2025-05-02 03:09:00,2,324.00,completed
O001173,U527,扈桂芳,儿童票,2024-11-15 06:09:00,1,81.00,completed
O001174,U527,扈桂芳,成人票,2025-02-06 12:13:00,2,324.00,completed
O001175,U527,扈桂芳,学生票,2024-08-25 04:57:00,5,675.00,completed
O001176,U528,宁桂兰,成人票,2024-11-15 03:15:00,2,324.00,completed
O001177,U529,罗成,成人票,2025-02-25 03:02:00,3,486.00,completed
O001178,U530,公红,成人票,2025-01-10 04:46:00,3,486.00,completed
O001179,U531,於鑫,成人票,2024-11-09 08:21:00,2,324.00,completed
O001180,U532,卜凤英,儿童票,2025-05-02 11:23:00,1,81.00,completed
O001181,U532,卜凤英,成人票,2024-06-03 03:58:00,4,648.00,completed
O001182,U533,咸洋,成人票,2024-05-27 05:47:00,3,451.94,completed
O001183,U533,咸洋,学生票,2024-12-08 03:22:00,2,270.00,completed
O001184,U533,咸洋,成人票,2024-09-21 01:55:00,1,162.00,completed
O001185,U534,吉华,成人票,2024-05-09 04:07:00,3,486.00,completed
O001186,U535,樊兰英,成人票,2024-12-29 12:29:00,1,162.00,completed
O001187,U536,施龙,成人票,2025-03-03 03:54:00,5,810.00,completed
O001188,U536,施龙,儿童票,2024-09-09 12:24:00,3,243.00,completed
O001189,U536,施龙,儿童票,2024-10-21 11:31:00,2,162.00,completed
O001190,U536,施龙,夜场票,2024-11-24 05:03:00,1,90.00,completed
O001191,U536,施龙,儿童票,2025-01-01 03:39:00,3,243.00,completed
O001192,U536,施龙,成人票,2024-07-15 09:29:00,5,810.00,completed
O001193,U537,平淑华,老人票,2025-04-28 11:49:00,3,324.00,completed
O001194,U537,平淑华,成人票,2025-02-25 05:14:00,2,324.00,completed
O001195,U537,平淑华,成人票,2025-03-22 05:28:00,4,648.00,completed
O001196,U537,平淑华,老人票,2024-11-27 05:44:00,4,362.20,completed
O001197,U538,冷玲,儿童票,2024-10-29 04:40:00,3,243.00,completed
O001198,U539,司帅,老人票,2024-10-18 06:53:00,3,324.00,completed
O001199,U540,满莹,老人票,2024-06-19 09:50:00,3,260.87,canceled
O001200,U541,终帅,儿童票,2024-08-13 07:15:00,2,137.14,completed
O001201,U542,谭莹,成人票,2024-07-26 10:35:00,3,486.00,completed
O001202,U543,钮荣,夜场票,2025-03-11 03:52:00,4,360.00,completed
O001203,U543,钮荣,团体票,2025-01-17 09:39:00,20,2880.00,completed
O001204,U543,钮荣,季卡,2024-08-27 02:02:00,1,342.00,completed
O001205,U543,钮荣,夜场票,2025-01-03 06:45:00,3,270.00,completed
O001206,U543,钮荣,夜场票,2024-12-27 06:48:00,5,450.00,completed
O001207,U543,钮荣,夜场票,2024-10-14 04:50:00,4,360.00,canceled
O001208,U543,钮荣,季卡,2025-04-20 06:20:00,1,342.00,completed
O001209,U544,昌欢,成人票,2024-06-26 03:15:00,3,486.00,completed
O001210,U545,汪林,儿童票,2024-08-15 10:32:00,2,162.00,completed
O001211,U546,微彬,成人票,2024-05-23 03:43:00,2,324.00,completed
O001212,U547,孙秀华,成人票,2024-05-30 04:20:00,1,162.00,completed
O001213,U548,连桂香,老人票,2025-01-11 05:04:00,1,108.00,completed
O001214,U549,向凯,成人票,2025-03-29 09:04:00,3,486.00,completed
O001215,U550,靳超,成人票,2025-01-19 04:11:00,2,324.00,completed
O001216,U551,雷涛,儿童票,2025-03-12 03:54:00,1,81.00,completed
O001217,U552,邬英,成人票,2024-06-09 04:23:00,3,486.00,canceled
O001218,U552,邬英,成人票,2025-03-08 03:52:00,4,585.09,completed
O001219,U552,邬英,成人票,2025-03-28 07:21:00,2,324.00,completed
O001220,U553,裴慧,老人票,2024-10-02 03:49:00,4,432.00,completed
O001221,U553,裴慧,儿童票,2024-05-14 03:25:00,5,405.00,completed
O001222,U553,裴慧,儿童票,2024-07-10 09:47:00,5,405.00,completed
O001223,U553,裴慧,成人票,2024-08-26 05:45:00,4,648.00,completed
O001224,U553,裴慧,学生票,2024-11-18 11:38:00,2,270.00,completed
O001225,U553,裴慧,老人票,2024-06-14 12:21:00,5,540.00,completed
O001226,U553,裴慧,成人票,2025-02-25 03:48:00,1,149.55,completed
O001227,U553,裴慧,学生票,2025-04-29 04:55:00,2,270.00,completed
O001228,U554,湛云,成人票,2024-06-22 11:01:00,2,324.00,completed
O001229,U555,俞波,团体票,2024-11-07 09:32:00,5,720.00,completed
O001230,U555,俞波,团体票,2024-06-30 06:00:00,3,432.00,completed
O001231,U555,俞波,VIP票,2024-12-20 09:51:00,4,1008.00,completed
O001232,U555,俞波,成人票,2024-07-21 08:12:00,1,162.00,completed
O001233,U555,俞波,老人票,2024-05-11 11:16:00,5,540.00,completed
O001234,U555,俞波,成人票,2024-06-04 10:41:00,5,810.00,completed
O001235,U556,章鹏,成人票,2025-04-23 05:58:00,3,486.00,canceled
O001236,U557,经玉珍,成人票,2025-01-03 07:57:00,2,324.00,completed
O001237,U558,翁晨,儿童票,2024-10-14 07:17:00,2,162.00,completed
O001238,U558,翁晨,儿童票,2025-01-27 05:36:00,1,81.00,completed
O001239,U558,翁晨,成人票,2024-08-24 04:01:00,4,648.00,completed
O001240,U559,逄春梅,成人票,2024-05-17 05:00:00,3,486.00,completed
O001241,U560,衡秀珍,老人票,2024-10-06 03:57:00,2,179.18,completed
O001242,U561,澹晨,儿童票,2024-11-08 09:57:00,5,405.00,completed
O001243,U561,澹晨,老人票,2024-05-27 09:53:00,1,108.00,completed
O001244,U561,澹晨,儿童票,2024-09-12 11:37:00,2,152.53,completed
O001245,U561,澹晨,成人票,2025-01-21 11:23:00,1,162.00,completed
O001246,U561,澹晨,老人票,2025-01-16 09:26:00,4,359.22,completed
O001247,U561,澹晨,学生票,2024-08-02 05:18:00,3,405.00,completed
O001248,U562,闫晶,老人票,2025-02-17 11:47:00,1,108.00,completed
O001249,U563,孟建平,成人票,2025-04-26 05:36:00,3,486.00,completed
O001250,U564,卞欢,成人票,2024-12-07 02:16:00,1,147.09,completed
O001251,U565,尉雪梅,成人票,2024-07-28 09:30:00,2,324.00,completed
O001252,U566,屠雪梅,学生票,2024-05-11 04:56:00,3,405.00,completed
O001253,U567,全晶,成人票,2024-10-02 06:45:00,1,162.00,completed
O001254,U568,籍秀芳,儿童票,2025-01-24 04:51:00,3,243.00,completed
O001255,U568,籍秀芳,成人票,2024-06-05 09:13:00,2,324.00,completed
O001256,U568,籍秀芳,成人票,2025-03-25 04:12:00,2,324.00,completed
O001257,U569,龚桂芝,成人票,2024-12-05 04:54:00,2,279.06,completed
O001258,U570,厍平,老人票,2024-08-09 10:24:00,1,108.00,completed
O001259,U570,厍平,学生票,2024-11-26 11:32:00,1,135.00,completed
O001260,U570,厍平,学生票,2024-12-20 05:52:00,4,449.14,completed
O001261,U570,厍平,团体票,2024-12-31 07:56:00,20,2880.00,completed
O001262,U570,厍平,儿童票,2025-02-27 10:01:00,5,405.00,completed
O001263,U570,厍平,老人票,2024-11-11 06:06:00,4,432.00,completed
O001264,U570,厍平,VIP票,2024-10-12 10:51:00,1,252.00,completed
O001265,U570,厍平,儿童票,2024-12-05 05:14:00,2,152.37,canceled
O001266,U570,厍平,老人票,2024-07-27 08:43:00,5,540.00,completed
O001267,U571,车兵,团体票,2024-08-18 11:08:00,20,2880.00,completed
O001268,U571,车兵,VIP票,2025-02-22 04:30:00,5,1260.00,completed
O001269,U571,车兵,老人票,2025-02-10 03:53:00,4,432.00,completed
O001270,U571,车兵,老人票,2025-05-02 09:53:00,1,108.00,completed
O001271,U571,车兵,年卡,2024-12-08 10:39:00,1,522.00,completed
O001272,U571,车兵,学生票,2024-12-04 03:57:00,4,540.00,completed
O001273,U571,车兵,学生票,2024-09-29 09:56:00,3,405.00,completed
O001274,U571,车兵,儿童票,2024-10-19 10:36:00,5,405.00,completed
O001275,U572,微秀华,儿童票,2024-11-14 05:53:00,3,243.00,canceled
O001276,U573,邓洁,成人票,2024-08-21 09:43:00,2,324.00,completed
O001277,U574,宗秀英,成人票,2025-02-22 04:51:00,3,486.00,completed
O001278,U574,宗秀英,老人票,2024-05-26 08:38:00,4,432.00,completed
O001279,U575,闾佳,成人票,2025-02-08 11:43:00,2,324.00,completed
O001280,U576,何英,成人票,2025-01-23 08:03:00,3,486.00,completed
O001281,U577,皮莉,成人票,2025-01-22 04:04:00,1,162.00,completed
O001282,U578,董东,儿童票,2025-01-27 05:58:00,4,324.00,completed
O001283,U578,董东,儿童票,2025-02-17 10:04:00,5,405.00,canceled
O001284,U579,隗琳,学生票,2024-07-04 03:59:00,2,270.00,completed
O001285,U579,隗琳,老人票,2024-09-15 09:25:00,3,324.00,completed
O001286,U579,隗琳,儿童票,2025-02-23 05:32:00,5,405.00,completed
O001287,U579,隗琳,儿童票,2024-08-08 06:35:00,2,162.00,completed
O001288,U579,隗琳,儿童票,2024-09-02 09:08:00,2,162.00,completed
O001289,U579,隗琳,年卡,2024-06-29 11:54:00,1,522.00,completed
O001290,U579,隗琳,儿童票,2024-06-09 05:54:00,1,81.00,completed
O001291,U579,隗琳,团体票,2024-08-09 10:13:00,15,2160.00,completed
O001292,U580,宋桂花,成人票,2024-12-11 05:50:00,1,162.00,completed
O001293,U581,邓桂荣,成人票,2024-05-15 10:35:00,3,486.00,completed
O001294,U582,郭春梅,学生票,2024-12-21 04:36:00,1,135.00,completed
O001295,U582,郭春梅,成人票,2025-01-03 06:52:00,5,735.25,completed
O001296,U582,郭春梅,学生票,2024-05-18 10:28:00,2,270.00,completed
O001297,U583,单刚,成人票,2024-11-11 04:57:00,2,324.00,completed
O001298,U584,诸鑫,成人票,2024-11-28 05:57:00,3,486.00,completed
O001299,U585,闾秀芳,成人票,2024-12-15 11:07:00,1,162.00,completed
O001300,U586,伊强,成人票,2025-01-17 09:51:00,2,324.00,completed
O001301,U587,柳娜,成人票,2024-08-21 09:27:00,2,324.00,completed
O001302,U587,柳娜,学生票,2024-05-24 07:53:00,5,675.00,completed
O001303,U588,屈淑英,学生票,2024-06-11 07:50:00,3,405.00,completed
O001304,U588,屈淑英,儿童票,2025-01-01 05:25:00,3,243.00,completed
O001305,U588,屈淑英,学生票,2024-08-08 11:38:00,2,270.00,completed
O001306,U589,弓桂兰,成人票,2024-10-06 09:44:00,4,648.00,completed
O001307,U589,弓桂兰,儿童票,2024-11-17 06:53:00,1,81.00,completed
O001308,U589,弓桂兰,成人票,2024-06-19 09:38:00,4,648.00,completed
O001309,U590,赖洁,儿童票,2024-05-30 03:20:00,2,162.00,completed
O001310,U591,良岩,成人票,2024-12-26 02:34:00,1,162.00,completed
O001311,U592,伍淑珍,成人票,2024-10-27 05:00:00,2,324.00,completed
O001312,U592,伍淑珍,老人票,2024-06-29 11:49:00,5,540.00,completed
O001313,U592,伍淑珍,儿童票,2024-08-23 12:26:00,5,405.00,completed
O001314,U593,慕萍,儿童票,2025-02-10 03:51:00,3,243.00,completed
O001315,U594,隗敏,学生票,2024-09-22 01:50:00,3,405.00,completed
O001316,U594,隗敏,儿童票,2024-12-09 04:17:00,5,405.00,completed
O001317,U594,隗敏,成人票,2025-03-02 04:16:00,1,162.00,completed
O001318,U594,隗敏,学生票,2024-11-15 08:44:00,4,540.00,completed
O001319,U594,隗敏,成人票,2024-09-11 05:37:00,1,162.00,completed
O001320,U594,隗敏,年卡,2024-09-14 10:57:00,1,522.00,completed
O001321,U594,隗敏,儿童票,2024-11-15 05:48:00,1,81.00,completed
O001322,U595,厉超,成人票,2025-04-12 04:43:00,1,162.00,canceled
O001323,U596,乔秀荣,学生票,2024-10-07 02:21:00,2,270.00,completed
O001324,U596,乔秀荣,成人票,2024-06-21 05:44:00,1,147.08,completed
O001325,U596,乔秀荣,儿童票,2024-10-09 04:10:00,2,162.00,completed
O001326,U596,乔秀荣,学生票,2024-10-27 05:57:00,1,135.00,completed
O001327,U596,乔秀荣,老人票,2024-08-24 07:33:00,1,108.00,completed
O001328,U596,乔秀荣,学生票,2024-07-28 05:25:00,5,615.91,completed
O001329,U597,寇婷,儿童票,2024-12-07 05:15:00,2,162.00,completed
O001330,U598,陶凯,儿童票,2024-09-23 11:18:00,3,209.31,completed
O001331,U599,厉晶,成人票,2024-09-24 03:30:00,1,162.00,completed
O001332,U600,钦磊,成人票,2024-10-09 12:20:00,1,162.00,completed
