year,district,industry,employment,avg_salary,salary_growth,employment_growth,education_distribution,unemployment_rate
2019,新城区,信息技术,28.0,13057.2,0.0371,0.1024,"{'本科': 0.5252396662091333, '硕士': 0.4747603337908667}",0.037
2019,新城区,制造业,47.97,8001.39,0.0451,0.0297,"{'高中': 0.39273617424924695, '大专': 0.3005981711338899, '本科': 0.3066656546168632}",0.047
2019,新城区,金融业,28.18,18348.82,0.0435,0.0869,"{'本科': 0.5940413616674751, '硕士': 0.40595863833252477}",0.051
2019,新城区,房地产,22.6,9460.72,0.0723,0.07,"{'大专': 0.46127630279484816, '本科': 0.5387236972051519}",0.057
2019,新城区,教育,25.39,8053.45,0.0332,0.0225,"{'本科': 0.2472795504585143, '硕士': 0.35396858858295444, '博士': 0.3987518609585313}",0.046
2019,新城区,医疗卫生,26.94,15285.31,0.03,0.0793,"{'大专': 0.30784152365552225, '本科': 0.31570926099621127, '硕士': 0.3764492153482665}",0.052
2019,新城区,建筑业,39.32,10863.01,0.0482,0.0422,"{'初中': 0.29355052992336017, '高中': 0.43560834776601004, '大专': 0.2708411223106298}",0.053
2019,新城区,批发零售,56.79,4396.69,0.0724,0.0178,"{'初中': 0.32862213415176084, '高中': 0.38486199924062914, '大专': 0.28651586660761}",0.036
2019,新城区,文化创意,23.22,7986.13,0.0495,0.0392,"{'大专': 0.4616022310431167, '本科': 0.5383977689568833}",0.043
2019,碑林区,信息技术,20.11,12990.88,0.0736,0.099,"{'本科': 0.5284326103865403, '硕士': 0.4715673896134596}",0.053
2019,碑林区,制造业,68.78,6911.48,0.0692,0.0432,"{'高中': 0.32810936275043495, '大专': 0.26842074307050506, '本科': 0.40346989417906}",0.058
2019,碑林区,金融业,45.47,10123.82,0.0645,0.1129,"{'本科': 0.516650759094896, '硕士': 0.483349240905104}",0.036
2019,碑林区,房地产,41.55,14912.6,0.0755,0.0758,"{'大专': 0.5406122894101577, '本科': 0.45938771058984224}",0.04
2019,碑林区,教育,53.63,13020.56,0.0368,0.0414,"{'本科': 0.40490761599803066, '硕士': 0.22623060507102977, '博士': 0.3688617789309396}",0.033
2019,碑林区,医疗卫生,54.98,16772.65,0.0673,0.0779,"{'大专': 0.28809742616449174, '本科': 0.3606740927164109, '硕士': 0.35122848111909727}",0.058
2019,碑林区,建筑业,66.79,9024.04,0.0674,0.0545,"{'初中': 0.39269105506148005, '高中': 0.22079236663619126, '大专': 0.3865165783023288}",0.051
2019,碑林区,批发零售,56.54,5500.89,0.0386,-0.0035,"{'初中': 0.2767010460727207, '高中': 0.3933538051934752, '大专': 0.32994514873380415}",0.035
2019,碑林区,文化创意,21.66,6871.11,0.0332,0.0794,"{'大专': 0.4417960398361403, '本科': 0.5582039601638596}",0.034
2019,莲湖区,信息技术,45.73,20323.79,0.0431,0.0655,"{'本科': 0.5226972139045507, '硕士': 0.47730278609544935}",0.043
2019,莲湖区,制造业,68.54,9033.62,0.0434,0.0571,"{'高中': 0.35022077366982785, '大专': 0.2756871446571639, '本科': 0.3740920816730083}",0.056
2019,莲湖区,金融业,28.02,16731.5,0.0751,0.114,"{'本科': 0.4997397945350133, '硕士': 0.5002602054649867}",0.034
2019,莲湖区,房地产,44.22,9327.78,0.0342,0.0654,"{'大专': 0.6008876206869992, '本科': 0.3991123793130008}",0.05
2019,莲湖区,教育,25.04,14177.64,0.0372,0.0474,"{'本科': 0.31334844275720136, '硕士': 0.38068208828059746, '博士': 0.30596946896220123}",0.035
2019,莲湖区,医疗卫生,22.54,11659.0,0.0749,0.0826,"{'大专': 0.32593845184627873, '本科': 0.3619726187319309, '硕士': 0.31208892942179056}",0.03
2019,莲湖区,建筑业,37.79,6032.03,0.0745,0.0544,"{'初中': 0.3498182129639723, '高中': 0.3498822756742815, '大专': 0.3002995113617463}",0.031
2019,莲湖区,批发零售,78.37,4675.95,0.0504,0.0424,"{'初中': 0.30393745091849933, '高中': 0.41411242138535115, '大专': 0.28195012769614947}",0.04
2019,莲湖区,文化创意,12.9,6471.79,0.0471,0.0794,"{'大专': 0.5517921989935655, '本科': 0.4482078010064346}",0.04
2019,雁塔区,信息技术,67.23,18454.33,0.0618,0.0988,"{'本科': 0.5341665085644662, '硕士': 0.46583349143553376}",0.05
2019,雁塔区,制造业,66.37,7034.93,0.0486,0.043,"{'高中': 0.4370399624663099, '大专': 0.2596632667554128, '本科': 0.30329677077827727}",0.053
2019,雁塔区,金融业,25.98,17687.83,0.06,0.0695,"{'本科': 0.33868012976055634, '硕士': 0.6613198702394436}",0.039
2019,雁塔区,房地产,48.33,9426.22,0.0374,0.0229,"{'大专': 0.3762630429413333, '本科': 0.6237369570586668}",0.056
2019,雁塔区,教育,52.07,7058.04,0.0334,-0.0167,"{'本科': 0.34666711511257287, '硕士': 0.37886840354223256, '博士': 0.2744644813451945}",0.053
2019,雁塔区,医疗卫生,46.38,17596.1,0.0563,0.0984,"{'大专': 0.34964878864878784, '本科': 0.31932721758379984, '硕士': 0.33102399376741243}",0.043
2019,雁塔区,建筑业,44.77,8725.11,0.039,0.0556,"{'初中': 0.277750404209936, '高中': 0.3552473494748434, '大专': 0.3670022463152206}",0.054
2019,雁塔区,批发零售,59.87,5824.56,0.0665,0.0435,"{'初中': 0.2696585749334938, '高中': 0.4422828644272504, '大专': 0.2880585606392558}",0.043
2019,雁塔区,文化创意,15.51,8356.19,0.068,0.0591,"{'大专': 0.5777578882776281, '本科': 0.4222421117223718}",0.036
2019,未央区,信息技术,25.29,20301.88,0.0774,0.0636,"{'本科': 0.5478518625526448, '硕士': 0.4521481374473552}",0.05
2019,未央区,制造业,59.19,9350.42,0.051,0.0406,"{'高中': 0.24255786778054908, '大专': 0.40957957938255696, '本科': 0.347862552836894}",0.045
2019,未央区,金融业,15.95,18353.1,0.0409,0.078,"{'本科': 0.5137632474296999, '硕士': 0.4862367525703001}",0.041
2019,未央区,房地产,27.28,10548.46,0.0476,0.037,"{'大专': 0.4394543094577759, '本科': 0.5605456905422243}",0.048
2019,未央区,教育,26.27,9426.48,0.0611,0.0237,"{'本科': 0.24357024081450793, '硕士': 0.37532942061775654, '博士': 0.38110033856773545}",0.044
2019,未央区,医疗卫生,25.13,16309.8,0.0332,0.088,"{'大专': 0.37007746693844995, '本科': 0.277804888949827, '硕士': 0.35211764411172297}",0.049
2019,未央区,建筑业,33.8,11821.44,0.0532,0.046,"{'初中': 0.32232037971722677, '高中': 0.37883263619056784, '大专': 0.2988469840922054}",0.038
2019,未央区,批发零售,42.71,6847.25,0.0664,0.0459,"{'初中': 0.35235581191673443, '高中': 0.38365458325266727, '大专': 0.26398960483059836}",0.058
2019,未央区,文化创意,13.03,9834.51,0.064,0.0559,"{'大专': 0.48704687752560777, '本科': 0.5129531224743922}",0.047
2019,灞桥区,信息技术,16.52,24558.8,0.0403,0.0751,"{'本科': 0.37351448285325345, '硕士': 0.6264855171467465}",0.042
2019,灞桥区,制造业,72.09,9931.83,0.0337,0.0477,"{'高中': 0.3642905759298249, '大专': 0.32608269171907234, '本科': 0.30962673235110266}",0.042
2019,灞桥区,金融业,13.86,19061.36,0.0316,0.0545,"{'本科': 0.46073166272487415, '硕士': 0.5392683372751258}",0.049
2019,灞桥区,房地产,24.19,10175.26,0.0658,0.0212,"{'大专': 0.5135771820411114, '本科': 0.48642281795888864}",0.034
2019,灞桥区,教育,38.12,13089.89,0.0679,0.0482,"{'本科': 0.34168421968244456, '硕士': 0.335935277293535, '博士': 0.3223805030240203}",0.04
2019,灞桥区,医疗卫生,20.69,14246.64,0.0362,0.102,"{'大专': 0.3686960692755068, '本科': 0.3894878893774997, '硕士': 0.24181604134699364}",0.038
2019,灞桥区,建筑业,53.19,11855.51,0.0426,0.0276,"{'初中': 0.35091826497982087, '高中': 0.2233586069536865, '大专': 0.4257231280664927}",0.035
2019,灞桥区,批发零售,44.43,5705.84,0.0549,-0.002,"{'初中': 0.345049855427285, '高中': 0.4081227596577356, '大专': 0.24682738491497933}",0.051
2019,灞桥区,文化创意,12.84,11137.62,0.0539,0.0406,"{'大专': 0.384038570254715, '本科': 0.6159614297452851}",0.05
2019,长安区,信息技术,32.32,14815.87,0.0373,0.0782,"{'本科': 0.4543678352984055, '硕士': 0.5456321647015944}",0.059
2019,长安区,制造业,73.66,5805.67,0.0428,0.0547,"{'高中': 0.3408054163554971, '大专': 0.2515323957722274, '本科': 0.4076621878722755}",0.045
2019,长安区,金融业,9.76,17190.41,0.0437,0.0701,"{'本科': 0.4195946780545356, '硕士': 0.5804053219454643}",0.047
2019,长安区,房地产,25.95,14004.35,0.0792,0.0309,"{'大专': 0.3987461494342641, '本科': 0.601253850565736}",0.032
2019,长安区,教育,39.04,13223.23,0.0685,0.0041,"{'本科': 0.29146912535288033, '硕士': 0.3039259196950098, '博士': 0.4046049549521099}",0.037
2019,长安区,医疗卫生,18.15,8912.11,0.0312,0.0783,"{'大专': 0.41611327641804935, '本科': 0.2850748644983042, '硕士': 0.2988118590836465}",0.059
2019,长安区,建筑业,38.17,5562.15,0.0627,0.0632,"{'初中': 0.3405772361664143, '高中': 0.3190841555384238, '大专': 0.34033860829516194}",0.058
2019,长安区,批发零售,41.96,5685.21,0.0664,-0.0158,"{'初中': 0.46520189957725244, '高中': 0.2675607790929498, '大专': 0.2672373213297978}",0.032
2019,长安区,文化创意,18.41,8973.87,0.0431,0.0782,"{'大专': 0.5532596895119725, '本科': 0.44674031048802754}",0.044
2019,高新区,信息技术,51.87,21869.94,0.0496,0.1042,"{'本科': 0.4968912624137449, '硕士': 0.5031087375862551}",0.039
2019,高新区,制造业,114.34,9319.24,0.0682,0.0655,"{'高中': 0.259106436271952, '大专': 0.46097608904079734, '本科': 0.2799174746872507}",0.047
2019,高新区,金融业,30.71,19772.02,0.0565,0.0821,"{'本科': 0.6094787080749847, '硕士': 0.3905212919250152}",0.047
2019,高新区,房地产,49.77,13052.31,0.0701,0.075,"{'大专': 0.5343537032367397, '本科': 0.4656462967632604}",0.047
2019,高新区,教育,28.63,9655.93,0.0396,0.0041,"{'本科': 0.25495632640848576, '硕士': 0.39947275413948613, '博士': 0.34557091945202817}",0.037
2019,高新区,医疗卫生,28.0,12008.67,0.0739,0.0684,"{'大专': 0.46862434964236344, '本科': 0.261206577921103, '硕士': 0.27016907243653354}",0.044
2019,高新区,建筑业,26.46,6444.06,0.0451,0.0344,"{'初中': 0.2849871651060388, '高中': 0.3798568368390798, '大专': 0.33515599805488144}",0.031
2019,高新区,批发零售,54.75,4431.23,0.0613,0.0326,"{'初中': 0.34268720724512736, '高中': 0.3255141361386975, '大专': 0.3317986566161752}",0.04
2019,高新区,文化创意,31.12,8154.55,0.033,0.0767,"{'大专': 0.4405833765932544, '本科': 0.5594166234067455}",0.044
2019,经开区,信息技术,26.69,19418.06,0.0799,0.1019,"{'本科': 0.47761353347388225, '硕士': 0.5223864665261179}",0.052
2019,经开区,制造业,49.24,6941.05,0.0711,0.039,"{'高中': 0.2674243893493442, '大专': 0.35917456190312574, '本科': 0.37340104874753005}",0.031
2019,经开区,金融业,27.36,17914.91,0.0599,0.0963,"{'本科': 0.5241666105549617, '硕士': 0.4758333894450383}",0.03
2019,经开区,房地产,28.84,14960.18,0.0646,0.0658,"{'大专': 0.5897683767349308, '本科': 0.4102316232650693}",0.042
2019,经开区,教育,32.49,11262.49,0.0461,0.0448,"{'本科': 0.2401036654099327, '硕士': 0.40487433409973733, '博士': 0.35502200049033}",0.052
2019,经开区,医疗卫生,18.65,16514.56,0.03,0.1126,"{'大专': 0.3467260804080265, '本科': 0.2822393474350668, '硕士': 0.3710345721569067}",0.055
2019,经开区,建筑业,48.93,6340.31,0.0307,0.0713,"{'初中': 0.3924137269887046, '高中': 0.3121100351783193, '大专': 0.29547623783297616}",0.046
2019,经开区,批发零售,56.16,5239.46,0.0655,-0.0022,"{'初中': 0.24724447919320236, '高中': 0.3797996742055306, '大专': 0.37295584660126696}",0.055
2019,经开区,文化创意,11.66,11503.52,0.0607,0.0489,"{'大专': 0.49377616612504105, '本科': 0.5062238338749588}",0.036
2019,曲江新区,信息技术,42.2,18040.85,0.0767,0.0551,"{'本科': 0.5519545145282153, '硕士': 0.44804548547178463}",0.04
2019,曲江新区,制造业,55.27,5975.51,0.0314,0.0348,"{'高中': 0.3759037739729728, '大专': 0.31587463284513906, '本科': 0.3082215931818881}",0.031
2019,曲江新区,金融业,23.78,16542.16,0.0448,0.0731,"{'本科': 0.48193460354102424, '硕士': 0.5180653964589759}",0.052
2019,曲江新区,房地产,29.31,10085.49,0.0683,0.0749,"{'大专': 0.5490235309436194, '本科': 0.4509764690563804}",0.032
2019,曲江新区,教育,40.09,12851.36,0.0396,-0.0181,"{'本科': 0.30617503440528093, '硕士': 0.3401809087893049, '博士': 0.3536440568054141}",0.052
2019,曲江新区,医疗卫生,17.08,12408.95,0.0738,0.1104,"{'大专': 0.3404968487061547, '本科': 0.3061195082066074, '硕士': 0.35338364308723796}",0.057
2019,曲江新区,建筑业,38.61,6544.75,0.0346,0.0315,"{'初中': 0.25675556397247645, '高中': 0.3919532831079072, '大专': 0.3512911529196163}",0.036
2019,曲江新区,批发零售,71.9,5528.18,0.032,-0.0014,"{'初中': 0.2894957339568993, '高中': 0.2760600803309756, '大专': 0.434444185712125}",0.049
2019,曲江新区,文化创意,15.01,9460.29,0.0552,0.0401,"{'大专': 0.5153849901650599, '本科': 0.48461500983494016}",0.054
2020,新城区,信息技术,21.0,21098.13,-0.0157,0.0723,"{'本科': 0.5856649390979267, '硕士': 0.41433506090207317}",0.055
2020,新城区,制造业,78.11,9845.83,-0.0122,-0.0698,"{'高中': 0.38846621634389944, '大专': 0.28637473519190454, '本科': 0.325159048464196}",0.058
2020,新城区,金融业,31.39,15924.74,0.0217,-0.0539,"{'本科': 0.3515930845155853, '硕士': 0.6484069154844148}",0.057
2020,新城区,房地产,16.59,12627.36,0.0332,-0.0693,"{'大专': 0.4967280143608188, '本科': 0.5032719856391812}",0.048
2020,新城区,教育,29.78,14690.48,0.027,-0.0099,"{'本科': 0.34728744337744505, '硕士': 0.32823936334441983, '博士': 0.32447319327813506}",0.032
2020,新城区,医疗卫生,24.99,9659.84,0.0498,0.0704,"{'大专': 0.384210053758757, '本科': 0.3189076605313117, '硕士': 0.2968822857099313}",0.045
2020,新城区,建筑业,36.34,7780.08,-0.0169,-0.0107,"{'初中': 0.31220414816784303, '高中': 0.40884191537743725, '大专': 0.2789539364547197}",0.033
2020,新城区,批发零售,85.49,6867.84,0.0464,-0.1069,"{'初中': 0.249376684736947, '高中': 0.37409593123931056, '大专': 0.3765273840237424}",0.039
2020,新城区,文化创意,9.79,9449.86,0.0197,-0.0534,"{'大专': 0.35381478715358444, '本科': 0.6461852128464156}",0.036
2020,碑林区,信息技术,55.03,12139.95,0.0396,0.0346,"{'本科': 0.6095111039938951, '硕士': 0.39048889600610487}",0.059
2020,碑林区,制造业,64.99,6705.38,-0.0096,-0.0211,"{'高中': 0.3633189587826841, '大专': 0.300574273320183, '本科': 0.3361067678971328}",0.042
2020,碑林区,金融业,51.52,14289.27,0.0205,0.0011,"{'本科': 0.5461434648927874, '硕士': 0.45385653510721263}",0.041
2020,碑林区,房地产,32.09,12466.75,0.0116,-0.0263,"{'大专': 0.4716414525350036, '本科': 0.5283585474649963}",0.039
2020,碑林区,教育,58.76,11668.37,0.0014,-0.0468,"{'本科': 0.3719072440222553, '硕士': 0.3244843839675808, '博士': 0.30360837201016383}",0.055
2020,碑林区,医疗卫生,25.44,12600.85,0.0133,0.0332,"{'大专': 0.3244574086874321, '本科': 0.3979070955402599, '硕士': 0.27763549577230806}",0.031
2020,碑林区,建筑业,35.72,8901.87,0.0409,-0.0358,"{'初中': 0.4311767521620819, '高中': 0.31469647226613756, '大专': 0.2541267755717806}",0.055
2020,碑林区,批发零售,35.56,5897.56,0.0484,-0.0702,"{'初中': 0.38671366186786094, '高中': 0.263956977570584, '大专': 0.3493293605615551}",0.037
2020,碑林区,文化创意,15.68,6838.45,0.0228,-0.1142,"{'大专': 0.3883610455248187, '本科': 0.6116389544751812}",0.034
2020,莲湖区,信息技术,21.44,12668.95,0.002,0.0769,"{'本科': 0.5136077511860644, '硕士': 0.48639224881393556}",0.038
2020,莲湖区,制造业,52.09,8872.73,-0.0173,0.0111,"{'高中': 0.3910066887152377, '大专': 0.38383142747456356, '本科': 0.22516188381019875}",0.042
2020,莲湖区,金融业,26.57,10842.45,0.0008,-0.0384,"{'本科': 0.5279207565732054, '硕士': 0.47207924342679475}",0.042
2020,莲湖区,房地产,34.86,13337.01,0.022,-0.0336,"{'大专': 0.4731764607955784, '本科': 0.5268235392044216}",0.054
2020,莲湖区,教育,51.71,9600.49,0.0423,0.0194,"{'本科': 0.2550979449939791, '硕士': 0.2603995224004111, '博士': 0.4845025326056098}",0.04
2020,莲湖区,医疗卫生,41.6,13090.52,0.0277,0.0212,"{'大专': 0.37616631568780534, '本科': 0.3332010932611627, '硕士': 0.29063259105103195}",0.041
2020,莲湖区,建筑业,43.08,10308.01,0.0008,-0.006,"{'初中': 0.38455874943690654, '高中': 0.3644353279042462, '大专': 0.25100592265884725}",0.05
2020,莲湖区,批发零售,63.38,6758.71,-0.0045,-0.1067,"{'初中': 0.25806274356118436, '高中': 0.4832356760082091, '大专': 0.2587015804306066}",0.044
2020,莲湖区,文化创意,25.03,9186.79,0.0345,-0.117,"{'大专': 0.5457101000445617, '本科': 0.45428989995543845}",0.043
2020,雁塔区,信息技术,55.05,19832.97,0.0154,0.0638,"{'本科': 0.48407572588640396, '硕士': 0.515924274113596}",0.044
2020,雁塔区,制造业,79.4,8179.47,0.0167,-0.0318,"{'高中': 0.2812788649274117, '大专': 0.3403019586993716, '本科': 0.3784191763732167}",0.037
2020,雁塔区,金融业,21.86,13636.64,0.0341,-0.0705,"{'本科': 0.5096902805942168, '硕士': 0.4903097194057833}",0.034
2020,雁塔区,房地产,30.52,9260.13,0.0456,-0.0156,"{'大专': 0.5049640829166456, '本科': 0.49503591708335437}",0.054
2020,雁塔区,教育,41.21,13464.27,0.0138,-0.0611,"{'本科': 0.29863692688473403, '硕士': 0.41283998927157695, '博士': 0.2885230838436891}",0.038
2020,雁塔区,医疗卫生,39.64,17530.38,0.0052,0.0375,"{'大专': 0.29062267564556693, '本科': 0.3379409859574603, '硕士': 0.3714363383969727}",0.037
2020,雁塔区,建筑业,44.29,7426.26,-0.0052,-0.0289,"{'初中': 0.370973882451345, '高中': 0.2615162531150637, '大专': 0.3675098644335912}",0.05
2020,雁塔区,批发零售,57.25,5663.01,0.0257,-0.0944,"{'初中': 0.3585016669606445, '高中': 0.3527225637414017, '大专': 0.2887757692979538}",0.048
2020,雁塔区,文化创意,15.96,8031.98,0.0304,-0.1161,"{'大专': 0.5039519802310349, '本科': 0.496048019768965}",0.038
2020,未央区,信息技术,16.89,13910.99,0.0054,0.0261,"{'本科': 0.6002233361931371, '硕士': 0.3997766638068629}",0.051
2020,未央区,制造业,105.94,5002.65,0.0233,-0.0069,"{'高中': 0.3281195646522149, '大专': 0.3011955466466831, '本科': 0.370684888701102}",0.058
2020,未央区,金融业,14.42,12901.94,0.03,-0.0201,"{'本科': 0.43348732427384695, '硕士': 0.5665126757261532}",0.042
2020,未央区,房地产,36.49,10898.89,0.0361,-0.0558,"{'大专': 0.4511715078310881, '本科': 0.5488284921689119}",0.052
2020,未央区,教育,42.96,8123.52,-0.0178,-0.0389,"{'本科': 0.31407537899239524, '硕士': 0.33281158646384984, '博士': 0.3531130345437549}",0.05
2020,未央区,医疗卫生,30.74,15397.8,0.0307,0.0468,"{'大专': 0.2945705598113478, '本科': 0.38377403488952827, '硕士': 0.32165540529912395}",0.036
2020,未央区,建筑业,32.03,6738.5,0.0282,-0.0768,"{'初中': 0.33527514826238, '高中': 0.29884109623212135, '大专': 0.3658837555054987}",0.044
2020,未央区,批发零售,35.92,5940.71,0.0171,-0.1393,"{'初中': 0.3669806065933611, '高中': 0.3963004337924951, '大专': 0.2367189596141438}",0.041
2020,未央区,文化创意,14.67,6680.99,-0.0076,-0.0694,"{'大专': 0.5000965026243555, '本科': 0.49990349737564455}",0.033
2020,灞桥区,信息技术,43.44,12210.96,0.0051,0.0396,"{'本科': 0.5046627946342972, '硕士': 0.4953372053657028}",0.051
2020,灞桥区,制造业,73.47,6400.7,0.0195,-0.0056,"{'高中': 0.31966806228353917, '大专': 0.36203704483215166, '本科': 0.3182948928843091}",0.034
2020,灞桥区,金融业,12.98,15957.82,0.0413,-0.015,"{'本科': 0.39302690019532316, '硕士': 0.606973099804677}",0.031
2020,灞桥区,房地产,29.31,12791.72,0.0362,-0.0036,"{'大专': 0.5265841128774035, '本科': 0.4734158871225964}",0.059
2020,灞桥区,教育,21.67,8137.81,0.0421,-0.0593,"{'本科': 0.3649734182662884, '硕士': 0.2999039874261597, '博士': 0.3351225943075519}",0.038
2020,灞桥区,医疗卫生,30.35,13487.97,-0.0199,0.06,"{'大专': 0.39872358380711387, '本科': 0.21950061197119414, '硕士': 0.381775804221692}",0.047
2020,灞桥区,建筑业,44.02,11308.51,0.0481,-0.0629,"{'初中': 0.40767162928688977, '高中': 0.24626312621294927, '大专': 0.34606524450016096}",0.038
2020,灞桥区,批发零售,48.64,7666.14,0.0017,-0.0686,"{'初中': 0.2970979458035357, '高中': 0.4093797837013779, '大专': 0.29352227049508645}",0.053
2020,灞桥区,文化创意,9.15,7508.11,0.0304,-0.105,"{'大专': 0.6076896279571163, '本科': 0.39231037204288377}",0.04
2020,长安区,信息技术,36.17,14799.42,0.0143,0.0301,"{'本科': 0.5152323517888517, '硕士': 0.48476764821114826}",0.047
2020,长安区,制造业,53.26,8455.93,0.032,-0.0783,"{'高中': 0.3118341935867705, '大专': 0.3061889580148207, '本科': 0.38197684839840884}",0.051
2020,长安区,金融业,24.98,12933.47,-0.0037,0.0014,"{'本科': 0.5134667552575015, '硕士': 0.4865332447424985}",0.058
2020,长安区,房地产,18.27,9426.09,0.0089,-0.0762,"{'大专': 0.3830503645433534, '本科': 0.6169496354566466}",0.06
2020,长安区,教育,36.23,8937.0,0.0367,-0.0608,"{'本科': 0.38611135042986156, '硕士': 0.23586265858136435, '博士': 0.37802599098877404}",0.057
2020,长安区,医疗卫生,12.15,10364.92,0.0278,0.0466,"{'大专': 0.3695672245382212, '本科': 0.3227366582033239, '硕士': 0.3076961172584549}",0.032
2020,长安区,建筑业,37.5,8874.27,0.0447,-0.0328,"{'初中': 0.3919548666848815, '高中': 0.33282303487203246, '大专': 0.27522209844308604}",0.059
2020,长安区,批发零售,35.4,4284.43,0.0433,-0.07,"{'初中': 0.34141883064151285, '高中': 0.3368058430155613, '大专': 0.3217753263429258}",0.056
2020,长安区,文化创意,11.92,11233.99,-0.006,-0.1222,"{'大专': 0.5863325668166159, '本科': 0.41366743318338406}",0.056
2020,高新区,信息技术,32.06,16109.2,-0.0109,0.0455,"{'本科': 0.38923391253973905, '硕士': 0.6107660874602611}",0.034
2020,高新区,制造业,67.59,8289.41,0.0147,0.0003,"{'高中': 0.25323173642323066, '大专': 0.436380908243047, '本科': 0.3103873553337223}",0.042
2020,高新区,金融业,21.03,10419.73,0.0359,-0.0245,"{'本科': 0.5740507620118168, '硕士': 0.42594923798818307}",0.048
2020,高新区,房地产,20.24,9420.08,0.0428,-0.0509,"{'大专': 0.5194066413554753, '本科': 0.48059335864452474}",0.033
2020,高新区,教育,41.98,11107.51,0.01,0.0158,"{'本科': 0.382458206547355, '硕士': 0.257809529374611, '博士': 0.35973226407803405}",0.041
2020,高新区,医疗卫生,21.04,14131.83,0.0081,0.0436,"{'大专': 0.24681183820199193, '本科': 0.42589742087898985, '硕士': 0.3272907409190183}",0.038
2020,高新区,建筑业,44.2,9813.39,0.0025,-0.0739,"{'初中': 0.36786102018251104, '高中': 0.36079888398253596, '大专': 0.271340095834953}",0.041
2020,高新区,批发零售,37.95,4822.76,0.0272,-0.0819,"{'初中': 0.2834709897971678, '高中': 0.3373764120649715, '大专': 0.3791525981378608}",0.055
2020,高新区,文化创意,13.57,6799.34,0.0301,-0.1168,"{'大专': 0.608393627365299, '本科': 0.391606372634701}",0.035
2020,经开区,信息技术,24.23,20013.24,-0.0174,0.051,"{'本科': 0.5665723893402468, '硕士': 0.4334276106597533}",0.055
2020,经开区,制造业,63.88,9304.52,0.049,0.0135,"{'高中': 0.3699453436468304, '大专': 0.3406563056468364, '本科': 0.2893983507063332}",0.046
2020,经开区,金融业,22.74,13896.71,0.0258,0.013,"{'本科': 0.5799929365998603, '硕士': 0.42000706340013977}",0.045
2020,经开区,房地产,29.77,11796.02,0.0102,-0.0333,"{'大专': 0.593553742913765, '本科': 0.406446257086235}",0.045
2020,经开区,教育,47.34,8888.95,0.0443,-0.0101,"{'本科': 0.2549370260298798, '硕士': 0.344269938135872, '博士': 0.40079303583424825}",0.045
2020,经开区,医疗卫生,21.74,9484.54,0.0239,0.0392,"{'大专': 0.31746860702055985, '本科': 0.33957301448876087, '硕士': 0.3429583784906792}",0.052
2020,经开区,建筑业,37.17,6564.28,-0.0016,-0.0508,"{'初中': 0.3723752651560495, '高中': 0.24471884209763975, '大专': 0.38290589274631076}",0.037
2020,经开区,批发零售,30.31,4973.76,0.0188,-0.0958,"{'初中': 0.33566423898651315, '高中': 0.26639035412997714, '大专': 0.3979454068835097}",0.049
2020,经开区,文化创意,8.17,6435.91,0.0459,-0.082,"{'大专': 0.5002262275359711, '本科': 0.4997737724640289}",0.057
2020,曲江新区,信息技术,19.02,13549.16,0.0078,0.0716,"{'本科': 0.46994733202438466, '硕士': 0.5300526679756152}",0.044
2020,曲江新区,制造业,67.44,8474.14,0.028,-0.0019,"{'高中': 0.3039919904351097, '大专': 0.3123652338461622, '本科': 0.383642775718728}",0.03
2020,曲江新区,金融业,24.31,17477.14,0.0305,-0.0179,"{'本科': 0.532556671768075, '硕士': 0.46744332823192497}",0.052
2020,曲江新区,房地产,25.93,10949.59,0.0329,-0.0041,"{'大专': 0.5093873938724855, '本科': 0.4906126061275144}",0.047
2020,曲江新区,教育,58.58,11204.89,0.0273,-0.0412,"{'本科': 0.37969981631347444, '硕士': 0.22978735888508398, '博士': 0.3905128248014416}",0.048
2020,曲江新区,医疗卫生,27.28,17692.34,0.0181,0.0752,"{'大专': 0.3085702712317478, '本科': 0.30894218523140676, '硕士': 0.38248754353684544}",0.047
2020,曲江新区,建筑业,31.38,6809.51,0.0357,0.007,"{'初中': 0.36740925263733715, '高中': 0.2745263225702867, '大专': 0.3580644247923762}",0.055
2020,曲江新区,批发零售,50.47,6851.91,-0.0027,-0.0578,"{'初中': 0.3387682432080555, '高中': 0.30283437940564895, '大专': 0.35839737738629557}",0.047
2020,曲江新区,文化创意,21.48,9703.81,0.0202,-0.1443,"{'大专': 0.5434129655835888, '本科': 0.4565870344164112}",0.054
2021,新城区,信息技术,28.43,20803.9,0.0687,0.0531,"{'本科': 0.515233371989677, '硕士': 0.48476662801032294}",0.043
2021,新城区,制造业,66.12,5277.52,0.0652,0.0609,"{'高中': 0.3405554503506354, '大专': 0.3669640879839474, '本科': 0.2924804616654172}",0.054
2021,新城区,金融业,39.09,18998.17,0.05,0.0601,"{'本科': 0.5700094537879251, '硕士': 0.42999054621207494}",0.051
2021,新城区,房地产,33.46,8441.78,0.0526,0.0341,"{'大专': 0.5167485440217515, '本科': 0.4832514559782485}",0.052
2021,新城区,教育,32.75,14494.59,0.0524,0.0155,"{'本科': 0.3753224985383697, '硕士': 0.24309086431022117, '博士': 0.38158663715140906}",0.055
2021,新城区,医疗卫生,38.72,11115.78,0.0483,0.0873,"{'大专': 0.298918493004256, '本科': 0.34119943652621165, '硕士': 0.3598820704695323}",0.057
2021,新城区,建筑业,36.67,9335.65,0.0487,0.0406,"{'初中': 0.30564539098816457, '高中': 0.26976055359217954, '大专': 0.42459405541965584}",0.052
2021,新城区,批发零售,67.84,5006.53,0.0574,0.0184,"{'初中': 0.3674345269692268, '高中': 0.29557628810272607, '大专': 0.3369891849280471}",0.057
2021,新城区,文化创意,24.54,10620.07,0.0364,0.0789,"{'大专': 0.4340882503283484, '本科': 0.5659117496716517}",0.06
2021,碑林区,信息技术,39.71,20711.11,0.0765,0.1151,"{'本科': 0.512556180645361, '硕士': 0.48744381935463893}",0.043
2021,碑林区,制造业,55.65,9459.76,0.039,0.0442,"{'高中': 0.4297050051933563, '大专': 0.2524465707583069, '本科': 0.31784842404833674}",0.03
2021,碑林区,金融业,25.73,14862.62,0.0641,0.0901,"{'本科': 0.4575014660569545, '硕士': 0.5424985339430455}",0.057
2021,碑林区,房地产,19.86,14161.31,0.0676,0.0534,"{'大专': 0.46742422814772167, '本科': 0.5325757718522783}",0.056
2021,碑林区,教育,61.0,8790.58,0.062,-0.0082,"{'本科': 0.40614274044265464, '硕士': 0.2481753263952474, '博士': 0.34568193316209805}",0.035
2021,碑林区,医疗卫生,30.64,15719.67,0.0381,0.0559,"{'大专': 0.24232360306031925, '本科': 0.35309286319004923, '硕士': 0.40458353374963146}",0.049
2021,碑林区,建筑业,48.34,5494.38,0.0384,0.0266,"{'初中': 0.3026449015726413, '高中': 0.38119197788676734, '大专': 0.3161631205405914}",0.042
2021,碑林区,批发零售,55.3,4316.09,0.0668,-0.017,"{'初中': 0.38066777014893727, '高中': 0.22086532172155002, '大专': 0.39846690812951274}",0.045
2021,碑林区,文化创意,22.43,6005.43,0.076,0.0702,"{'大专': 0.5938497518276018, '本科': 0.4061502481723982}",0.034
2021,莲湖区,信息技术,29.82,19696.93,0.0396,0.1076,"{'本科': 0.41283702188741045, '硕士': 0.5871629781125897}",0.038
2021,莲湖区,制造业,79.99,5672.82,0.0686,0.0266,"{'高中': 0.42443170815595255, '大专': 0.32901275623602155, '本科': 0.24655553560802587}",0.041
2021,莲湖区,金融业,14.02,13530.71,0.0698,0.1135,"{'本科': 0.47491457972247236, '硕士': 0.5250854202775277}",0.038
2021,莲湖区,房地产,33.37,8053.52,0.0781,0.0369,"{'大专': 0.41814681820549227, '本科': 0.5818531817945076}",0.04
2021,莲湖区,教育,26.72,13646.27,0.0754,-0.0067,"{'本科': 0.29163452374873716, '硕士': 0.36518250650587014, '博士': 0.34318296974539264}",0.058
2021,莲湖区,医疗卫生,24.51,15361.3,0.0335,0.0629,"{'大专': 0.35017251335024907, '本科': 0.3396338480657177, '硕士': 0.31019363858403326}",0.044
2021,莲湖区,建筑业,63.54,10640.12,0.0529,0.078,"{'初中': 0.389848870383167, '高中': 0.2504919021500187, '大专': 0.3596592274668142}",0.053
2021,莲湖区,批发零售,47.71,4749.75,0.0606,0.0159,"{'初中': 0.3044999707340906, '高中': 0.3310162017537999, '大专': 0.36448382751210945}",0.039
2021,莲湖区,文化创意,29.44,8820.53,0.0503,0.079,"{'大专': 0.5019183054646267, '本科': 0.49808169453537326}",0.046
2021,雁塔区,信息技术,62.57,19907.05,0.0616,0.0602,"{'本科': 0.3405919794291895, '硕士': 0.6594080205708104}",0.03
2021,雁塔区,制造业,92.97,5128.18,0.0567,0.0595,"{'高中': 0.27774071636508424, '大专': 0.33342381193109544, '本科': 0.3888354717038203}",0.032
2021,雁塔区,金融业,25.23,15094.79,0.0496,0.0753,"{'本科': 0.5060186667160956, '硕士': 0.49398133328390437}",0.04
2021,雁塔区,房地产,21.59,11255.89,0.0535,0.0573,"{'大专': 0.5049966318301011, '本科': 0.49500336816989887}",0.039
2021,雁塔区,教育,44.55,10812.53,0.0789,0.0059,"{'本科': 0.3415886704188829, '硕士': 0.3259370061534051, '博士': 0.33247432342771194}",0.06
2021,雁塔区,医疗卫生,53.1,14963.55,0.0342,0.0539,"{'大专': 0.33171958729802253, '本科': 0.4271077345810674, '硕士': 0.24117267812091014}",0.059
2021,雁塔区,建筑业,38.53,5529.31,0.0602,0.0659,"{'初中': 0.3321520918808755, '高中': 0.3102895940711264, '大专': 0.35755831404799804}",0.035
2021,雁塔区,批发零售,67.45,4524.95,0.0617,0.0436,"{'初中': 0.3209262193257231, '高中': 0.3825182061298968, '大专': 0.2965555745443801}",0.054
2021,雁塔区,文化创意,20.58,9867.97,0.0756,0.0368,"{'大专': 0.391789569984338, '本科': 0.608210430015662}",0.033
2021,未央区,信息技术,24.52,24541.8,0.0569,0.0989,"{'本科': 0.4504321026157959, '硕士': 0.5495678973842041}",0.047
2021,未央区,制造业,73.71,8065.91,0.0326,0.0582,"{'高中': 0.3347957054833367, '大专': 0.23942224622690894, '本科': 0.42578204828975436}",0.04
2021,未央区,金融业,18.79,19738.95,0.0708,0.0717,"{'本科': 0.402246995989216, '硕士': 0.597753004010784}",0.053
2021,未央区,房地产,20.41,14006.78,0.0607,0.0385,"{'大专': 0.5376183134767388, '本科': 0.46238168652326117}",0.034
2021,未央区,教育,34.79,7648.46,0.0564,-0.0077,"{'本科': 0.33160996852545443, '硕士': 0.2871047101073583, '博士': 0.3812853213671873}",0.048
2021,未央区,医疗卫生,31.11,10913.68,0.0668,0.0812,"{'大专': 0.33297715392369576, '本科': 0.2904816021329738, '硕士': 0.37654124394333055}",0.053
2021,未央区,建筑业,34.51,11412.54,0.0726,0.048,"{'初中': 0.32035988046205816, '高中': 0.357076663297162, '大专': 0.3225634562407799}",0.035
2021,未央区,批发零售,61.95,5709.54,0.0756,0.005,"{'初中': 0.3978169503679834, '高中': 0.29875608578227714, '大专': 0.30342696384973944}",0.053
2021,未央区,文化创意,27.01,7849.21,0.0391,0.0444,"{'大专': 0.4512543426866537, '本科': 0.5487456573133462}",0.048
2021,灞桥区,信息技术,24.91,24092.18,0.0522,0.0724,"{'本科': 0.47159933644952556, '硕士': 0.5284006635504745}",0.043
2021,灞桥区,制造业,43.85,6494.21,0.0756,0.0396,"{'高中': 0.3837422139423172, '大专': 0.4006916271081968, '本科': 0.21556615894948597}",0.034
2021,灞桥区,金融业,13.14,10664.62,0.0549,0.1031,"{'本科': 0.5266278774853047, '硕士': 0.4733721225146953}",0.035
2021,灞桥区,房地产,31.58,14728.0,0.0403,0.0795,"{'大专': 0.39959390612939993, '本科': 0.6004060938706001}",0.032
2021,灞桥区,教育,17.25,13650.42,0.0385,0.0121,"{'本科': 0.3845862223646676, '硕士': 0.2579351086090298, '博士': 0.35747866902630265}",0.059
2021,灞桥区,医疗卫生,26.95,11837.53,0.0579,0.0986,"{'大专': 0.40111931119213035, '本科': 0.28786906214032565, '硕士': 0.311011626667544}",0.035
2021,灞桥区,建筑业,33.18,10654.39,0.0494,0.069,"{'初中': 0.25009092424904283, '高中': 0.36687533028381036, '大专': 0.3830337454671468}",0.051
2021,灞桥区,批发零售,32.64,6340.71,0.0594,0.0495,"{'初中': 0.39416037793328335, '高中': 0.26194044488180573, '大专': 0.343899177184911}",0.037
2021,灞桥区,文化创意,21.57,6478.9,0.0583,0.0614,"{'大专': 0.5050701093882278, '本科': 0.4949298906117721}",0.037
2021,长安区,信息技术,44.95,14288.18,0.0629,0.1034,"{'本科': 0.5487053777818582, '硕士': 0.45129462221814176}",0.048
2021,长安区,制造业,64.73,8371.39,0.0501,0.0339,"{'高中': 0.3532731087446308, '大专': 0.28479148674986543, '本科': 0.36193540450550377}",0.048
2021,长安区,金融业,23.05,13288.29,0.0355,0.0635,"{'本科': 0.5359052038313937, '硕士': 0.4640947961686062}",0.058
2021,长安区,房地产,16.86,13247.59,0.0628,0.0492,"{'大专': 0.5300107431408961, '本科': 0.4699892568591039}",0.034
2021,长安区,教育,36.64,13362.85,0.0529,0.0151,"{'本科': 0.2822381741536324, '硕士': 0.35211256226501864, '博士': 0.365649263581349}",0.055
2021,长安区,医疗卫生,32.93,9248.7,0.0383,0.0702,"{'大专': 0.3351076617782042, '本科': 0.3761206828842892, '硕士': 0.2887716553375067}",0.044
2021,长安区,建筑业,24.9,9127.92,0.0538,0.0664,"{'初中': 0.31969589706070606, '高中': 0.38727830338841734, '大专': 0.2930257995508766}",0.037
2021,长安区,批发零售,44.57,6178.31,0.0518,0.0131,"{'初中': 0.4517935072026434, '高中': 0.2436748997960733, '大专': 0.3045315930012833}",0.06
2021,长安区,文化创意,22.71,11301.5,0.0603,0.0676,"{'大专': 0.5629758974872839, '本科': 0.4370241025127161}",0.04
2021,高新区,信息技术,70.42,23503.67,0.0301,0.0824,"{'本科': 0.47420722144237054, '硕士': 0.5257927785576294}",0.056
2021,高新区,制造业,68.29,5645.76,0.057,0.0614,"{'高中': 0.296533282404743, '大专': 0.3962913636313754, '本科': 0.3071753539638815}",0.04
2021,高新区,金融业,18.64,18852.18,0.0522,0.1055,"{'本科': 0.5990940155569877, '硕士': 0.40090598444301223}",0.054
2021,高新区,房地产,34.64,13787.9,0.0369,0.0371,"{'大专': 0.49097444514112365, '本科': 0.5090255548588762}",0.045
2021,高新区,教育,32.25,13515.12,0.0461,0.004,"{'本科': 0.3577612139644577, '硕士': 0.2603935824585541, '博士': 0.3818452035769882}",0.036
2021,高新区,医疗卫生,28.53,8685.8,0.0664,0.0861,"{'大专': 0.32091157813285404, '本科': 0.3516837103895113, '硕士': 0.3274047114776347}",0.049
2021,高新区,建筑业,44.49,8563.38,0.0757,0.0569,"{'初中': 0.3487357095043296, '高中': 0.34039447008658713, '大专': 0.31086982040908323}",0.059
2021,高新区,批发零售,52.42,4510.14,0.0578,0.0156,"{'初中': 0.3735713195194874, '高中': 0.3196158764280636, '大专': 0.306812804052449}",0.049
2021,高新区,文化创意,8.34,9845.21,0.0362,0.0618,"{'大专': 0.35937047866158883, '本科': 0.6406295213384111}",0.055
2021,经开区,信息技术,30.89,15175.47,0.0541,0.0639,"{'本科': 0.48265518741912367, '硕士': 0.5173448125808763}",0.046
2021,经开区,制造业,79.29,6892.05,0.0642,0.0669,"{'高中': 0.29585726553448305, '大专': 0.39629264758331323, '本科': 0.30785008688220367}",0.053
2021,经开区,金融业,24.06,17075.03,0.0482,0.1089,"{'本科': 0.5467904650188445, '硕士': 0.45320953498115546}",0.046
2021,经开区,房地产,18.3,11487.27,0.0751,0.0604,"{'大专': 0.4926947594370893, '本科': 0.5073052405629106}",0.038
2021,经开区,教育,17.88,13111.92,0.0744,0.0252,"{'本科': 0.25437379953261224, '硕士': 0.3250306834573223, '博士': 0.4205955170100655}",0.047
2021,经开区,医疗卫生,18.66,14772.48,0.0525,0.0688,"{'大专': 0.38910941173121055, '本科': 0.3083139315879176, '硕士': 0.3025766566808718}",0.041
2021,经开区,建筑业,71.38,8235.88,0.0408,0.0711,"{'初中': 0.20629000047438814, '高中': 0.3946755835594984, '大专': 0.39903441596611355}",0.057
2021,经开区,批发零售,37.83,7143.65,0.0509,0.0164,"{'初中': 0.4210019781537635, '高中': 0.2956596679014807, '大专': 0.2833383539447558}",0.033
2021,经开区,文化创意,14.34,9184.86,0.0522,0.0225,"{'大专': 0.42668894740455354, '本科': 0.5733110525954465}",0.035
2021,曲江新区,信息技术,56.67,22449.16,0.0661,0.106,"{'本科': 0.514508412834317, '硕士': 0.48549158716568286}",0.041
2021,曲江新区,制造业,65.78,9167.81,0.0444,0.0658,"{'高中': 0.3255657490486978, '大专': 0.35437516858348805, '本科': 0.3200590823678141}",0.04
2021,曲江新区,金融业,15.08,18358.24,0.0714,0.1023,"{'本科': 0.5626362550842302, '硕士': 0.4373637449157699}",0.047
2021,曲江新区,房地产,30.17,14511.52,0.0605,0.0225,"{'大专': 0.5410731345717136, '本科': 0.4589268654282864}",0.052
2021,曲江新区,教育,67.49,8592.8,0.0351,-0.0046,"{'本科': 0.38130064958780463, '硕士': 0.23377499865158247, '博士': 0.3849243517606129}",0.051
2021,曲江新区,医疗卫生,42.48,8680.94,0.0513,0.0875,"{'大专': 0.25438486699498536, '本科': 0.3501742540931112, '硕士': 0.3954408789119035}",0.044
2021,曲江新区,建筑业,42.56,8043.11,0.0511,0.0448,"{'初中': 0.3223431515598124, '高中': 0.34084805515537414, '大专': 0.33680879328481356}",0.059
2021,曲江新区,批发零售,67.5,6929.12,0.0424,0.0199,"{'初中': 0.3120670901785839, '高中': 0.2801694011653629, '大专': 0.4077635086560532}",0.045
2021,曲江新区,文化创意,25.96,8615.53,0.05,0.0264,"{'大专': 0.4085570150184601, '本科': 0.5914429849815399}",0.033
2022,新城区,信息技术,32.38,13559.59,0.0799,0.0624,"{'本科': 0.6027415543801055, '硕士': 0.3972584456198946}",0.052
2022,新城区,制造业,72.07,8699.94,0.0363,0.041,"{'高中': 0.30969141714694876, '大专': 0.38304120886731025, '本科': 0.30726737398574094}",0.053
2022,新城区,金融业,21.63,11058.11,0.0771,0.0606,"{'本科': 0.5045316610817812, '硕士': 0.49546833891821884}",0.031
2022,新城区,房地产,36.4,12482.43,0.0651,0.0438,"{'大专': 0.6281772440726274, '本科': 0.3718227559273727}",0.049
2022,新城区,教育,38.87,14697.19,0.0718,0.0227,"{'本科': 0.3164908694320984, '硕士': 0.3770891033007894, '博士': 0.30642002726711226}",0.044
2022,新城区,医疗卫生,32.35,10478.86,0.0545,0.1004,"{'大专': 0.3665401177804607, '本科': 0.25258979955086314, '硕士': 0.38087008266867617}",0.044
2022,新城区,建筑业,59.86,6545.12,0.0757,0.0354,"{'初中': 0.36273091681575553, '高中': 0.27225593839106, '大专': 0.3650131447931844}",0.039
2022,新城区,批发零售,81.78,4628.26,0.0404,0.0051,"{'初中': 0.33692546344752494, '高中': 0.3004433606701843, '大专': 0.3626311758822907}",0.032
2022,新城区,文化创意,9.56,10465.74,0.0758,0.0724,"{'大专': 0.41944532822639174, '本科': 0.5805546717736083}",0.046
2022,碑林区,信息技术,47.83,12714.77,0.0327,0.106,"{'本科': 0.46509051384549716, '硕士': 0.5349094861545028}",0.046
2022,碑林区,制造业,89.71,6044.68,0.0745,0.0563,"{'高中': 0.3555810797138048, '大专': 0.3423288994030656, '本科': 0.30209002088312953}",0.046
2022,碑林区,金融业,23.2,12849.12,0.0752,0.0826,"{'本科': 0.5117246196423878, '硕士': 0.48827538035761225}",0.032
2022,碑林区,房地产,44.97,14538.69,0.0632,0.0231,"{'大专': 0.5144722749672981, '本科': 0.4855277250327019}",0.048
2022,碑林区,教育,52.56,7913.77,0.0742,0.0009,"{'本科': 0.3909404237422132, '硕士': 0.33967729107035644, '博士': 0.26938228518743035}",0.048
2022,碑林区,医疗卫生,31.69,8868.13,0.0313,0.1099,"{'大专': 0.32535786347068985, '本科': 0.3290053524717896, '硕士': 0.3456367840575206}",0.047
2022,碑林区,建筑业,50.58,7515.45,0.0342,0.056,"{'初中': 0.3616762138122241, '高中': 0.317929776885795, '大专': 0.320394009301981}",0.052
2022,碑林区,批发零售,68.35,6856.76,0.0344,0.0462,"{'初中': 0.30505499569938277, '高中': 0.35023845800981346, '大专': 0.34470654629080383}",0.043
2022,碑林区,文化创意,13.35,6753.25,0.0397,0.0475,"{'大专': 0.47088282303915374, '本科': 0.5291171769608463}",0.037
2022,莲湖区,信息技术,43.68,18760.14,0.069,0.0934,"{'本科': 0.44726116716640213, '硕士': 0.5527388328335978}",0.047
2022,莲湖区,制造业,63.16,9638.54,0.0593,0.0368,"{'高中': 0.29012062390686305, '大专': 0.2578824791094182, '本科': 0.4519968969837187}",0.046
2022,莲湖区,金融业,24.28,14546.49,0.0656,0.0609,"{'本科': 0.470560051740658, '硕士': 0.529439948259342}",0.044
2022,莲湖区,房地产,18.93,8336.77,0.0642,0.0507,"{'大专': 0.642656928687939, '本科': 0.35734307131206094}",0.059
2022,莲湖区,教育,35.95,7920.2,0.0505,0.0089,"{'本科': 0.33829419121161936, '硕士': 0.3732740682041101, '博士': 0.28843174058427057}",0.039
2022,莲湖区,医疗卫生,23.7,13342.21,0.057,0.0761,"{'大专': 0.3270975871005256, '本科': 0.2910402247282054, '硕士': 0.38186218817126893}",0.049
2022,莲湖区,建筑业,25.3,6822.1,0.0782,0.0389,"{'初中': 0.33184528151077086, '高中': 0.4198965791757748, '大专': 0.24825813931345442}",0.049
2022,莲湖区,批发零售,56.56,6177.39,0.0719,0.0396,"{'初中': 0.3211994617489732, '高中': 0.34910154004215777, '大专': 0.32969899820886894}",0.039
2022,莲湖区,文化创意,30.16,7785.82,0.0348,0.0628,"{'大专': 0.4117540903005826, '本科': 0.5882459096994174}",0.041
2022,雁塔区,信息技术,54.18,15508.64,0.0723,0.0569,"{'本科': 0.5118998551286216, '硕士': 0.4881001448713785}",0.058
2022,雁塔区,制造业,54.81,5578.19,0.043,0.0616,"{'高中': 0.3152352381838595, '大专': 0.288025586808543, '本科': 0.3967391750075975}",0.033
2022,雁塔区,金融业,31.2,10619.18,0.0309,0.0868,"{'本科': 0.5560667176643042, '硕士': 0.44393328233569596}",0.057
2022,雁塔区,房地产,31.21,11967.54,0.0553,0.053,"{'大专': 0.5235793893230236, '本科': 0.4764206106769765}",0.056
2022,雁塔区,教育,34.16,13807.39,0.0532,0.0299,"{'本科': 0.2393858861907431, '硕士': 0.36850003248901675, '博士': 0.39211408132024017}",0.054
2022,雁塔区,医疗卫生,41.01,16084.85,0.0533,0.0841,"{'大专': 0.34972063880420556, '本科': 0.29639264467995324, '硕士': 0.3538867165158412}",0.032
2022,雁塔区,建筑业,34.41,8464.39,0.0604,0.0303,"{'初中': 0.31951954035072655, '高中': 0.41230461014957565, '大专': 0.26817584949969786}",0.033
2022,雁塔区,批发零售,59.15,6346.71,0.0343,0.0014,"{'初中': 0.37357654327498285, '高中': 0.36931509956318437, '大专': 0.2571083571618327}",0.045
2022,雁塔区,文化创意,23.72,7094.66,0.0683,0.0536,"{'大专': 0.5075232018909203, '本科': 0.49247679810907957}",0.037
2022,未央区,信息技术,26.12,13618.1,0.0484,0.0515,"{'本科': 0.493520618209734, '硕士': 0.506479381790266}",0.033
2022,未央区,制造业,67.54,6735.6,0.0521,0.0446,"{'高中': 0.3141548516994752, '大专': 0.37766298682306154, '本科': 0.3081821614774632}",0.035
2022,未央区,金融业,20.84,11811.45,0.078,0.0626,"{'本科': 0.567581863391864, '硕士': 0.43241813660813605}",0.05
2022,未央区,房地产,46.32,10730.31,0.0329,0.0677,"{'大专': 0.6339870684039909, '本科': 0.3660129315960091}",0.042
2022,未央区,教育,45.53,14855.13,0.0737,-0.0189,"{'本科': 0.31253492808291866, '硕士': 0.35624697690453405, '博士': 0.33121809501254723}",0.038
2022,未央区,医疗卫生,24.56,10863.47,0.0381,0.0741,"{'大专': 0.3581384134895591, '本科': 0.39695907584044354, '硕士': 0.24490251066999735}",0.037
2022,未央区,建筑业,39.29,5244.46,0.0637,0.024,"{'初中': 0.32589535743608467, '高中': 0.30476006129084854, '大专': 0.36934458127306674}",0.052
2022,未央区,批发零售,51.65,4745.57,0.0308,-0.0137,"{'初中': 0.34242068282650495, '高中': 0.2939278586345967, '大专': 0.3636514585388984}",0.059
2022,未央区,文化创意,16.17,8354.47,0.0387,0.025,"{'大专': 0.5247220571134126, '本科': 0.4752779428865874}",0.039
2022,灞桥区,信息技术,24.7,17587.21,0.067,0.0882,"{'本科': 0.38212099229543167, '硕士': 0.6178790077045683}",0.052
2022,灞桥区,制造业,54.87,8014.08,0.0691,0.0685,"{'高中': 0.32002870385207205, '大专': 0.35010411271714914, '本科': 0.32986718343077875}",0.045
2022,灞桥区,金融业,14.85,18272.95,0.0602,0.0651,"{'本科': 0.4249443611283198, '硕士': 0.5750556388716802}",0.054
2022,灞桥区,房地产,28.33,10284.55,0.0336,0.0777,"{'大专': 0.4915692185124456, '本科': 0.5084307814875544}",0.036
2022,灞桥区,教育,24.8,10281.43,0.0504,-0.0154,"{'本科': 0.3867358261935726, '硕士': 0.3627973627653705, '博士': 0.2504668110410569}",0.042
2022,灞桥区,医疗卫生,33.15,16482.36,0.0711,0.0972,"{'大专': 0.37630285766587035, '本科': 0.2614570363585282, '硕士': 0.3622401059756014}",0.04
2022,灞桥区,建筑业,55.02,8067.9,0.0607,0.0311,"{'初中': 0.32825418418055885, '高中': 0.3266901079713968, '大专': 0.3450557078480444}",0.054
2022,灞桥区,批发零售,32.52,4669.06,0.0642,0.0043,"{'初中': 0.3289747761485158, '高中': 0.32249493672775925, '大专': 0.348530287123725}",0.038
2022,灞桥区,文化创意,11.55,7025.46,0.0419,0.0743,"{'大专': 0.4316241925045897, '本科': 0.5683758074954102}",0.054
2022,长安区,信息技术,37.46,14456.35,0.0695,0.0983,"{'本科': 0.5786290637535287, '硕士': 0.4213709362464713}",0.05
2022,长安区,制造业,69.93,9709.04,0.0356,0.0755,"{'高中': 0.3634799747644087, '大专': 0.2593923432196661, '本科': 0.3771276820159252}",0.034
2022,长安区,金融业,13.41,14926.87,0.0506,0.0747,"{'本科': 0.4616708778070019, '硕士': 0.538329122192998}",0.033
2022,长安区,房地产,20.77,12395.31,0.0498,0.0324,"{'大专': 0.6321744099271335, '本科': 0.36782559007286647}",0.032
2022,长安区,教育,40.61,12950.52,0.0339,0.0265,"{'本科': 0.32314508972354067, '硕士': 0.3233291219268114, '博士': 0.3535257883496479}",0.032
2022,长安区,医疗卫生,36.55,15152.13,0.0606,0.0623,"{'大专': 0.3027558682234857, '本科': 0.31478831231368515, '硕士': 0.3824558194628291}",0.034
2022,长安区,建筑业,45.85,10804.94,0.0502,0.0566,"{'初中': 0.30797335739328513, '高中': 0.41446202399222426, '大专': 0.27756461861449055}",0.054
2022,长安区,批发零售,31.42,7199.09,0.0794,-0.0163,"{'初中': 0.369300829772904, '高中': 0.3279997537684255, '大专': 0.30269941645867054}",0.05
2022,长安区,文化创意,12.91,7646.18,0.03,0.0701,"{'大专': 0.4476507406452633, '本科': 0.5523492593547367}",0.046
2022,高新区,信息技术,43.73,22603.74,0.0793,0.0711,"{'本科': 0.4908765371569745, '硕士': 0.5091234628430256}",0.059
2022,高新区,制造业,76.35,8011.53,0.0307,0.0315,"{'高中': 0.2364158360911594, '大专': 0.4439556864495726, '本科': 0.3196284774592679}",0.046
2022,高新区,金融业,20.44,18786.33,0.074,0.0669,"{'本科': 0.4572654263608108, '硕士': 0.5427345736391892}",0.042
2022,高新区,房地产,28.29,8891.11,0.0685,0.0552,"{'大专': 0.5965180661999379, '本科': 0.40348193380006214}",0.04
2022,高新区,教育,41.09,7273.35,0.0316,-0.0015,"{'本科': 0.44877474023460306, '硕士': 0.30919408856482394, '博士': 0.24203117120057296}",0.039
2022,高新区,医疗卫生,26.17,12592.63,0.0771,0.1088,"{'大专': 0.32528100380984915, '本科': 0.2524133164477435, '硕士': 0.4223056797424073}",0.037
2022,高新区,建筑业,48.44,11770.08,0.0531,0.0337,"{'初中': 0.30887800703877527, '高中': 0.37230028556054406, '大专': 0.3188217074006807}",0.059
2022,高新区,批发零售,62.42,4826.18,0.0663,0.0087,"{'初中': 0.34374083701988434, '高中': 0.3764157204890101, '大专': 0.27984344249110554}",0.039
2022,高新区,文化创意,26.05,6571.66,0.0397,0.0492,"{'大专': 0.5304395042454463, '本科': 0.46956049575455366}",0.048
2022,经开区,信息技术,20.48,24054.16,0.0313,0.0566,"{'本科': 0.5528468337479867, '硕士': 0.4471531662520133}",0.051
2022,经开区,制造业,64.92,7484.39,0.057,0.0736,"{'高中': 0.3435489429613154, '大专': 0.3127997069283887, '本科': 0.34365135011029596}",0.042
2022,经开区,金融业,29.79,16772.62,0.0758,0.0547,"{'本科': 0.5773600250682023, '硕士': 0.4226399749317976}",0.044
2022,经开区,房地产,31.89,8706.92,0.0557,0.0362,"{'大专': 0.37966024374451823, '本科': 0.6203397562554818}",0.044
2022,经开区,教育,38.24,7083.5,0.0414,0.0096,"{'本科': 0.3534241956736077, '硕士': 0.31820906886423994, '博士': 0.3283667354621522}",0.035
2022,经开区,医疗卫生,34.32,12644.37,0.0659,0.0554,"{'大专': 0.2574065206937691, '本科': 0.40626432678380736, '硕士': 0.3363291525224235}",0.034
2022,经开区,建筑业,52.9,11308.17,0.0311,0.0661,"{'初中': 0.3839149661942584, '高中': 0.2562315355579991, '大专': 0.3598534982477426}",0.055
2022,经开区,批发零售,54.75,7891.44,0.0786,0.037,"{'初中': 0.43220629484999684, '高中': 0.34295594566340165, '大专': 0.22483775948660145}",0.056
2022,经开区,文化创意,16.17,10668.26,0.0507,0.0782,"{'大专': 0.4092356155686069, '本科': 0.5907643844313931}",0.037
2022,曲江新区,信息技术,24.93,18455.37,0.0304,0.0683,"{'本科': 0.44382389218856577, '硕士': 0.5561761078114342}",0.034
2022,曲江新区,制造业,93.63,7719.95,0.0501,0.0682,"{'高中': 0.36568654769641473, '大专': 0.3396004676247325, '本科': 0.2947129846788527}",0.058
2022,曲江新区,金融业,36.94,13973.05,0.056,0.1055,"{'本科': 0.593223183346676, '硕士': 0.40677681665332405}",0.034
2022,曲江新区,房地产,19.19,8185.59,0.0505,0.038,"{'大专': 0.6416370126694523, '本科': 0.3583629873305477}",0.056
2022,曲江新区,教育,51.92,10916.82,0.0777,0.0007,"{'本科': 0.3199881697488324, '硕士': 0.33349098568698765, '博士': 0.3465208445641799}",0.035
2022,曲江新区,医疗卫生,24.72,11537.98,0.0456,0.0715,"{'大专': 0.37128571655543324, '本科': 0.23323333680401212, '硕士': 0.3954809466405546}",0.05
2022,曲江新区,建筑业,22.61,8140.69,0.06,0.048,"{'初中': 0.2866103340658743, '高中': 0.3180178116999881, '大专': 0.3953718542341377}",0.058
2022,曲江新区,批发零售,31.34,4884.27,0.0579,-0.0107,"{'初中': 0.24195924358252677, '高中': 0.4425467188769999, '大专': 0.3154940375404733}",0.049
2022,曲江新区,文化创意,16.81,9451.77,0.0456,0.0635,"{'大专': 0.46627810964992716, '本科': 0.5337218903500728}",0.054
2023,新城区,信息技术,31.46,15514.37,0.0577,0.1034,"{'本科': 0.46525445816097377, '硕士': 0.5347455418390262}",0.059
2023,新城区,制造业,53.78,5013.42,0.0373,0.0227,"{'高中': 0.3421067269931007, '大专': 0.2853108381093526, '本科': 0.37258243489754667}",0.058
2023,新城区,金融业,20.35,13565.86,0.0493,0.0837,"{'本科': 0.48281818929287873, '硕士': 0.5171818107071213}",0.059
2023,新城区,房地产,24.87,13467.58,0.0719,0.0453,"{'大专': 0.38786400506584034, '本科': 0.6121359949341596}",0.033
2023,新城区,教育,29.59,8200.74,0.0446,-0.0125,"{'本科': 0.3279228372256147, '硕士': 0.3832875953467299, '博士': 0.2887895674276553}",0.053
2023,新城区,医疗卫生,35.58,10111.44,0.0728,0.0788,"{'大专': 0.33860316556426695, '本科': 0.36259392994303896, '硕士': 0.298802904492694}",0.06
2023,新城区,建筑业,50.41,7993.22,0.059,0.0678,"{'初中': 0.3037804269942985, '高中': 0.3731525231219843, '大专': 0.32306704988371726}",0.045
2023,新城区,批发零售,69.8,6211.6,0.0789,0.0034,"{'初中': 0.3861501089184047, '高中': 0.2956248775459685, '大专': 0.31822501353562693}",0.03
2023,新城区,文化创意,24.28,6412.85,0.053,0.0609,"{'大专': 0.5553444932250675, '本科': 0.4446555067749325}",0.049
2023,碑林区,信息技术,41.87,12108.09,0.0525,0.1069,"{'本科': 0.5547163261682377, '硕士': 0.4452836738317622}",0.038
2023,碑林区,制造业,75.59,8453.7,0.0797,0.048,"{'高中': 0.30534800280388824, '大专': 0.2951380043911877, '本科': 0.39951399280492406}",0.05
2023,碑林区,金融业,47.42,13375.8,0.038,0.1137,"{'本科': 0.39873495118179075, '硕士': 0.6012650488182093}",0.046
2023,碑林区,房地产,22.75,12685.09,0.0421,0.0239,"{'大专': 0.4926911657585425, '本科': 0.5073088342414575}",0.055
2023,碑林区,教育,58.46,12663.95,0.0472,0.0151,"{'本科': 0.31763784057361216, '硕士': 0.33026038946880193, '博士': 0.35210176995758596}",0.034
2023,碑林区,医疗卫生,34.06,9795.39,0.0387,0.0764,"{'大专': 0.28532855525887374, '本科': 0.3670745079768561, '硕士': 0.34759693676427017}",0.045
2023,碑林区,建筑业,44.04,8569.24,0.0686,0.0799,"{'初中': 0.29481095317303985, '高中': 0.3668244845936146, '大专': 0.33836456223334554}",0.033
2023,碑林区,批发零售,39.25,4030.6,0.0343,0.0052,"{'初中': 0.38117841823664744, '高中': 0.37636181893380716, '大专': 0.24245976282954534}",0.054
2023,碑林区,文化创意,9.99,11571.65,0.0661,0.0535,"{'大专': 0.4276582932253731, '本科': 0.5723417067746269}",0.044
2023,莲湖区,信息技术,34.59,20809.99,0.0331,0.1046,"{'本科': 0.44468751687494285, '硕士': 0.5553124831250572}",0.051
2023,莲湖区,制造业,50.96,9989.94,0.0792,0.072,"{'高中': 0.32275608853773, '大专': 0.24131269742566366, '本科': 0.4359312140366064}",0.052
2023,莲湖区,金融业,26.6,14316.61,0.0368,0.1071,"{'本科': 0.5274098517074453, '硕士': 0.47259014829255475}",0.042
2023,莲湖区,房地产,36.51,10701.29,0.0791,0.0262,"{'大专': 0.6035011863259996, '本科': 0.3964988136740005}",0.049
2023,莲湖区,教育,50.28,9798.08,0.0394,-0.0089,"{'本科': 0.3564367241710283, '硕士': 0.3260824048607035, '博士': 0.3174808709682682}",0.043
2023,莲湖区,医疗卫生,23.53,16274.58,0.05,0.061,"{'大专': 0.43663626652370024, '本科': 0.2424342355548505, '硕士': 0.3209294979214493}",0.053
2023,莲湖区,建筑业,34.23,6654.75,0.0689,0.0403,"{'初中': 0.38753968800589994, '高中': 0.31633398259627177, '大专': 0.29612632939782835}",0.047
2023,莲湖区,批发零售,48.97,6796.58,0.0692,-0.0026,"{'初中': 0.3377989864399362, '高中': 0.3520207160497707, '大专': 0.310180297510293}",0.048
2023,莲湖区,文化创意,36.1,8966.06,0.0409,0.0286,"{'大专': 0.4378718135561725, '本科': 0.5621281864438274}",0.053
2023,雁塔区,信息技术,65.84,16176.64,0.0537,0.0583,"{'本科': 0.48193587612387223, '硕士': 0.5180641238761278}",0.055
2023,雁塔区,制造业,73.23,7643.85,0.0557,0.0713,"{'高中': 0.4350132355752121, '大专': 0.2358841111215562, '本科': 0.3291026533032317}",0.043
2023,雁塔区,金融业,17.66,15404.86,0.075,0.0858,"{'本科': 0.4911505010639545, '硕士': 0.5088494989360456}",0.041
2023,雁塔区,房地产,32.68,13384.41,0.0639,0.0573,"{'大专': 0.5998812389596467, '本科': 0.4001187610403534}",0.057
2023,雁塔区,教育,70.76,14051.98,0.0583,-0.0153,"{'本科': 0.35743474159159316, '硕士': 0.34609294438444715, '博士': 0.2964723140239597}",0.036
2023,雁塔区,医疗卫生,33.94,9811.79,0.0415,0.1187,"{'大专': 0.43484815604653954, '本科': 0.2725434699228904, '硕士': 0.29260837403057}",0.057
2023,雁塔区,建筑业,69.64,9741.25,0.0457,0.0366,"{'初中': 0.27140908598606117, '高中': 0.3738489391415793, '大专': 0.35474197487235953}",0.046
2023,雁塔区,批发零售,78.73,4987.26,0.0567,0.0404,"{'初中': 0.25858812661497466, '高中': 0.3944528888454812, '大专': 0.3469589845395441}",0.031
2023,雁塔区,文化创意,26.3,9411.59,0.0358,0.0676,"{'大专': 0.5303543998453725, '本科': 0.4696456001546275}",0.034
2023,未央区,信息技术,34.29,16123.87,0.065,0.0821,"{'本科': 0.4738327984458587, '硕士': 0.5261672015541413}",0.04
2023,未央区,制造业,71.38,8894.86,0.0594,0.0224,"{'高中': 0.25699030248999766, '大专': 0.34468216094416304, '本科': 0.39832753656583936}",0.04
2023,未央区,金融业,26.92,11161.07,0.0601,0.0948,"{'本科': 0.5840959335841682, '硕士': 0.4159040664158319}",0.049
2023,未央区,房地产,41.23,11331.27,0.0381,0.06,"{'大专': 0.48345786239116056, '本科': 0.5165421376088395}",0.032
2023,未央区,教育,40.64,10904.39,0.0376,-0.0111,"{'本科': 0.36853789359518074, '硕士': 0.3040308708803453, '博士': 0.327431235524474}",0.059
2023,未央区,医疗卫生,40.45,9557.43,0.0475,0.1073,"{'大专': 0.26952238110943694, '本科': 0.3511230511662547, '硕士': 0.37935456772430826}",0.036
2023,未央区,建筑业,25.73,8847.98,0.0648,0.0433,"{'初中': 0.3753652015112564, '高中': 0.3240494790276083, '大专': 0.3005853194611353}",0.056
2023,未央区,批发零售,57.07,4372.48,0.0583,0.0266,"{'初中': 0.40841538941783384, '高中': 0.32751318801997836, '大专': 0.26407142256218774}",0.045
2023,未央区,文化创意,11.89,11565.52,0.0692,0.0592,"{'大专': 0.48775577376187773, '本科': 0.5122442262381222}",0.032
2023,灞桥区,信息技术,14.46,16231.15,0.0366,0.0567,"{'本科': 0.4610031256389026, '硕士': 0.5389968743610974}",0.033
2023,灞桥区,制造业,62.88,8117.18,0.0392,0.0534,"{'高中': 0.24652257910693426, '大专': 0.39852219735916544, '本科': 0.3549552235339003}",0.043
2023,灞桥区,金融业,15.78,12684.17,0.0575,0.0834,"{'本科': 0.5881137143967555, '硕士': 0.4118862856032444}",0.05
2023,灞桥区,房地产,16.24,13923.38,0.0653,0.0436,"{'大专': 0.5163152494729474, '本科': 0.4836847505270526}",0.035
2023,灞桥区,教育,35.43,7179.09,0.0488,0.0448,"{'本科': 0.3820598778020672, '硕士': 0.2598959365632352, '博士': 0.35804418563469764}",0.04
2023,灞桥区,医疗卫生,17.77,16363.33,0.0384,0.0715,"{'大专': 0.3213767171657315, '本科': 0.3516323080316851, '硕士': 0.32699097480258343}",0.042
2023,灞桥区,建筑业,47.66,8508.83,0.0412,0.0718,"{'初中': 0.3782903265526152, '高中': 0.24462405822436778, '大专': 0.37708561522301703}",0.059
2023,灞桥区,批发零售,36.9,6653.12,0.0547,-0.0049,"{'初中': 0.32709036295490085, '高中': 0.3147354223379857, '大专': 0.3581742147071134}",0.047
2023,灞桥区,文化创意,12.73,11939.12,0.0459,0.0266,"{'大专': 0.4759418580112106, '本科': 0.5240581419887894}",0.039
2023,长安区,信息技术,18.9,23203.33,0.0459,0.1174,"{'本科': 0.5160039008406236, '硕士': 0.4839960991593763}",0.06
2023,长安区,制造业,73.08,5019.93,0.0576,0.0703,"{'高中': 0.3698242715804654, '大专': 0.3486830345998203, '本科': 0.2814926938197143}",0.048
2023,长安区,金融业,16.85,17251.09,0.0478,0.1121,"{'本科': 0.5556630803069514, '硕士': 0.4443369196930486}",0.042
2023,长安区,房地产,19.72,13981.28,0.0799,0.0216,"{'大专': 0.5010196529731923, '本科': 0.49898034702680777}",0.042
2023,长安区,教育,31.8,9448.75,0.0487,0.016,"{'本科': 0.3467432177795462, '硕士': 0.24316036444817932, '博士': 0.41009641777227446}",0.049
2023,长安区,医疗卫生,30.5,9906.75,0.0443,0.1008,"{'大专': 0.3042083837323821, '本科': 0.28186252366426356, '硕士': 0.41392909260335436}",0.041
2023,长安区,建筑业,25.38,6719.2,0.0349,0.0599,"{'初中': 0.2892642201886957, '高中': 0.4520675241235128, '大专': 0.25866825568779145}",0.031
2023,长安区,批发零售,46.28,5171.41,0.043,0.0056,"{'初中': 0.3820609638501554, '高中': 0.34785960828744084, '大专': 0.27007942786240374}",0.037
2023,长安区,文化创意,15.29,9928.26,0.03,0.0234,"{'大专': 0.45431256498565237, '本科': 0.5456874350143476}",0.044
2023,高新区,信息技术,46.35,21600.96,0.0373,0.0715,"{'本科': 0.5228478517386715, '硕士': 0.4771521482613285}",0.04
2023,高新区,制造业,102.4,8024.45,0.0575,0.0262,"{'高中': 0.34626351579501363, '大专': 0.32287289063735736, '本科': 0.33086359356762896}",0.035
2023,高新区,金融业,25.6,13063.97,0.0445,0.0636,"{'本科': 0.6556455155898856, '硕士': 0.3443544844101144}",0.058
2023,高新区,房地产,21.31,11131.0,0.0718,0.0678,"{'大专': 0.5106695888032571, '本科': 0.48933041119674286}",0.06
2023,高新区,教育,58.63,11987.72,0.0453,0.001,"{'本科': 0.2637030014221788, '硕士': 0.3596279119865446, '博士': 0.3766690865912765}",0.041
2023,高新区,医疗卫生,31.95,10593.79,0.0624,0.1047,"{'大专': 0.24241585215707334, '本科': 0.366054464060812, '硕士': 0.3915296837821146}",0.032
2023,高新区,建筑业,55.66,6735.48,0.0712,0.0636,"{'初中': 0.3010536862383086, '高中': 0.38065106843051655, '大专': 0.31829524533117476}",0.038
2023,高新区,批发零售,56.62,6754.57,0.0314,0.0124,"{'初中': 0.3867859799953149, '高中': 0.3071614057072772, '大专': 0.306052614297408}",0.058
2023,高新区,文化创意,15.12,8367.49,0.0661,0.0409,"{'大专': 0.42692726064336395, '本科': 0.5730727393566362}",0.045
2023,经开区,信息技术,52.01,24318.33,0.0379,0.0922,"{'本科': 0.4930984535876001, '硕士': 0.5069015464123999}",0.047
2023,经开区,制造业,66.55,5067.51,0.054,0.0222,"{'高中': 0.28077781598565255, '大专': 0.29004957642337015, '本科': 0.4291726075909773}",0.051
2023,经开区,金融业,19.83,11272.58,0.0527,0.083,"{'本科': 0.5582969789229826, '硕士': 0.44170302107701753}",0.048
2023,经开区,房地产,21.85,8001.49,0.0349,0.0408,"{'大专': 0.5713055277029403, '本科': 0.42869447229705976}",0.049
2023,经开区,教育,34.01,10768.1,0.0482,0.016,"{'本科': 0.3182950598698506, '硕士': 0.3763298581246089, '博士': 0.3053750820055405}",0.038
2023,经开区,医疗卫生,43.36,8363.29,0.0325,0.1126,"{'大专': 0.3690536664286856, '本科': 0.2858139139508959, '硕士': 0.3451324196204185}",0.036
2023,经开区,建筑业,56.55,7776.07,0.0328,0.0698,"{'初中': 0.30512439304155103, '高中': 0.3154843979735624, '大专': 0.37939120898488654}",0.057
2023,经开区,批发零售,34.88,5536.94,0.0434,0.0451,"{'初中': 0.28791331501569806, '高中': 0.30245911055216634, '大专': 0.4096275744321356}",0.041
2023,经开区,文化创意,21.56,8879.66,0.0413,0.0672,"{'大专': 0.4351857052403881, '本科': 0.5648142947596118}",0.055
2023,曲江新区,信息技术,41.37,15355.23,0.053,0.0926,"{'本科': 0.4602119625092192, '硕士': 0.5397880374907807}",0.049
2023,曲江新区,制造业,64.02,5511.08,0.0432,0.044,"{'高中': 0.4057447586181302, '大专': 0.3304346342543967, '本科': 0.2638206071274731}",0.042
2023,曲江新区,金融业,41.48,14281.38,0.0672,0.0755,"{'本科': 0.5423935524166037, '硕士': 0.45760644758339625}",0.039
2023,曲江新区,房地产,35.73,13164.97,0.0497,0.0785,"{'大专': 0.346635719976939, '本科': 0.653364280023061}",0.041
2023,曲江新区,教育,64.96,10123.06,0.0533,0.0172,"{'本科': 0.3676999722495657, '硕士': 0.3085211016077754, '博士': 0.3237789261426589}",0.055
2023,曲江新区,医疗卫生,44.17,13619.63,0.0366,0.0577,"{'大专': 0.2871466847583611, '本科': 0.283169430495526, '硕士': 0.4296838847461129}",0.046
2023,曲江新区,建筑业,48.93,9321.54,0.051,0.0666,"{'初中': 0.24763556322039432, '高中': 0.3700986340835615, '大专': 0.38226580269604427}",0.037
2023,曲江新区,批发零售,57.21,5801.12,0.0585,0.0332,"{'初中': 0.29842699150249663, '高中': 0.3249926688902926, '大专': 0.3765803396072108}",0.038
2023,曲江新区,文化创意,28.9,8874.08,0.0698,0.0368,"{'大专': 0.5640707336604551, '本科': 0.4359292663395448}",0.054
