date,district,spot_name,level,visitors,ticket_income,other_income,total_income,is_weekend,is_holiday,occupancy_rate,avg_stay_hours,satisfaction_score
2023-01-01,碑林区,大雁塔,5A,35303,1765150,732201.94,2497351.94,True,False,0.706,2.2,4.3
2023-01-01,碑林区,陕西历史博物馆,4A,16831,0,1349073.66,1349073.66,True,False,0.842,3.9,4.2
2023-01-01,碑林区,钟鼓楼,4A,9707,291210,119506.33,410716.33,True,False,0.647,2.2,4.2
2023-01-01,莲湖区,回民街,4A,53456,0,5952001.46,5952001.46,True,False,0.535,3.7,4.2
2023-01-01,莲湖区,西安城墙,5A,31069,1677726,527371.27,2205097.27,True,False,0.777,2.5,4.8
2023-01-01,新城区,大明宫国家遗址公园,4A,25095,1505700,749655.95,2255355.95,True,False,0.837,4.2,4.8
2023-01-01,雁塔区,小雁塔,4A,6711,201330,101777.03,303107.03,True,False,0.671,4.5,4.7
2023-01-01,雁塔区,大唐芙蓉园,5A,31504,3780480,2837655.43,6618135.43,True,False,0.9,4.0,4.3
2023-01-01,长安区,兵马俑,5A,61062,9159300,3778273.66,12937573.66,True,False,0.939,3.7,4.3
2023-01-01,长安区,华清宫,5A,20441,2452920,1091692.86,3544612.86,True,False,0.818,4.0,4.6
2023-01-01,曲江新区,曲江海洋极地公园,4A,11358,1817280,626995.43,2444275.43,True,False,0.568,4.5,4.6
2023-01-01,曲江新区,大唐不夜城,4A,68870,0,7845523.41,7845523.41,True,False,0.861,4.8,4.2
2023-01-02,碑林区,大雁塔,5A,17693,884650,650355.01,1535005.01,False,False,0.354,2.7,4.7
2023-01-02,碑林区,陕西历史博物馆,4A,8660,0,945410.51,945410.51,False,False,0.433,2.7,4.7
2023-01-02,碑林区,钟鼓楼,4A,11033,330990,218667.1,549657.1,False,False,0.736,3.3,4.2
2023-01-02,莲湖区,回民街,4A,44383,0,4159806.55,4159806.55,False,False,0.444,3.2,4.9
2023-01-02,莲湖区,西安城墙,5A,20327,1097658,782241.55,1879899.55,False,False,0.508,4.8,4.4
2023-01-02,新城区,大明宫国家遗址公园,4A,17147,1028820,525988.51,1554808.51,False,False,0.572,4.7,4.7
2023-01-02,雁塔区,小雁塔,4A,6197,185910,143818.87,329728.87,False,False,0.62,4.0,4.8
2023-01-02,雁塔区,大唐芙蓉园,5A,21846,2621520,1019877.17,3641397.17,False,False,0.624,2.7,4.1
2023-01-02,长安区,兵马俑,5A,44827,6724050,4333119.79,11057169.79,False,False,0.69,4.3,4.8
2023-01-02,长安区,华清宫,5A,12708,1524960,881534.44,2406494.44,False,False,0.508,2.6,4.4
2023-01-02,曲江新区,曲江海洋极地公园,4A,10384,1661440,551771.53,2213211.53,False,False,0.519,2.3,4.5
2023-01-02,曲江新区,大唐不夜城,4A,63343,0,7246948.76,7246948.76,False,False,0.792,3.0,4.8
2023-01-03,碑林区,大雁塔,5A,35694,1784700,1323706.79,3108406.79,False,False,0.714,3.1,4.5
2023-01-03,碑林区,陕西历史博物馆,4A,17900,0,1890453.9,1890453.9,False,False,0.895,3.9,4.8
2023-01-03,碑林区,钟鼓楼,4A,7939,238170,189975.94,428145.94,False,False,0.529,2.2,4.5
2023-01-03,莲湖区,回民街,4A,74745,0,8105847.54,8105847.54,False,False,0.747,3.4,4.1
2023-01-03,莲湖区,西安城墙,5A,26514,1431756,538350.04,1970106.04,False,False,0.663,4.0,4.8
2023-01-03,新城区,大明宫国家遗址公园,4A,21409,1284540,687458.14,1971998.14,False,False,0.714,2.5,4.4
2023-01-03,雁塔区,小雁塔,4A,6418,192540,132085.06,324625.06,False,False,0.642,3.7,4.5
2023-01-03,雁塔区,大唐芙蓉园,5A,14421,1730520,1304788.55,3035308.55,False,False,0.412,3.6,4.4
2023-01-03,长安区,兵马俑,5A,46209,6931350,2267774.58,9199124.58,False,False,0.711,4.1,4.8
2023-01-03,长安区,华清宫,5A,11090,1330800,950797.93,2281597.93,False,False,0.444,2.5,4.1
2023-01-03,曲江新区,曲江海洋极地公园,4A,9312,1489920,859697.91,2349617.91,False,False,0.466,2.1,4.5
2023-01-03,曲江新区,大唐不夜城,4A,67396,0,6995481.51,6995481.51,False,False,0.842,4.6,4.1
2023-01-04,碑林区,大雁塔,5A,19904,995200,705281.65,1700481.65,False,False,0.398,2.8,4.6
2023-01-04,碑林区,陕西历史博物馆,4A,13686,0,1124150.79,1124150.79,False,False,0.684,3.2,4.9
2023-01-04,碑林区,钟鼓楼,4A,5254,157620,85257.4,242877.4,False,False,0.35,2.4,4.0
2023-01-04,莲湖区,回民街,4A,40087,0,4330709.19,4330709.19,False,False,0.401,3.4,4.7
2023-01-04,莲湖区,西安城墙,5A,14526,784404,546932.17,1331336.17,False,False,0.363,2.9,4.7
2023-01-04,新城区,大明宫国家遗址公园,4A,8213,492780,176884.71,669664.71,False,False,0.274,3.2,4.2
2023-01-04,雁塔区,小雁塔,4A,5196,155880,83045.81,238925.81,False,False,0.52,3.3,4.2
2023-01-04,雁塔区,大唐芙蓉园,5A,15507,1860840,1464255.03,3325095.03,False,False,0.443,2.6,4.3
2023-01-04,长安区,兵马俑,5A,33883,5082450,1543540.2,6625990.2,False,False,0.521,2.7,4.8
2023-01-04,长安区,华清宫,5A,14882,1785840,1216069.86,3001909.86,False,False,0.595,4.0,4.5
2023-01-04,曲江新区,曲江海洋极地公园,4A,5399,863840,577002.7,1440842.7,False,False,0.27,4.6,4.1
2023-01-04,曲江新区,大唐不夜城,4A,57108,0,4749381.77,4749381.77,False,False,0.714,3.1,4.1
2023-01-05,碑林区,大雁塔,5A,38436,1921800,1536870.9,3458670.9,False,False,0.769,2.3,4.5
2023-01-05,碑林区,陕西历史博物馆,4A,9604,0,544948.21,544948.21,False,False,0.48,2.9,4.5
2023-01-05,碑林区,钟鼓楼,4A,8428,252840,157992.46,410832.46,False,False,0.562,5.0,4.3
2023-01-05,莲湖区,回民街,4A,62845,0,5375579.53,5375579.53,False,False,0.628,3.2,4.1
2023-01-05,莲湖区,西安城墙,5A,22078,1192212,394879.33,1587091.33,False,False,0.552,2.5,4.1
2023-01-05,新城区,大明宫国家遗址公园,4A,16386,983160,567231.05,1550391.05,False,False,0.546,3.4,4.4
2023-01-05,雁塔区,小雁塔,4A,5234,157020,84810.3,241830.3,False,False,0.523,4.4,4.6
2023-01-05,雁塔区,大唐芙蓉园,5A,22643,2717160,1680295.78,4397455.78,False,False,0.647,2.0,4.3
2023-01-05,长安区,兵马俑,5A,42917,6437550,4106275.48,10543825.48,False,False,0.66,3.4,4.6
2023-01-05,长安区,华清宫,5A,12453,1494360,1015800.88,2510160.88,False,False,0.498,3.0,4.2
2023-01-05,曲江新区,曲江海洋极地公园,4A,16716,2674560,1909511.48,4584071.48,False,False,0.836,3.1,4.1
2023-01-05,曲江新区,大唐不夜城,4A,27306,0,2321768.57,2321768.57,False,False,0.341,3.8,4.7
2023-01-06,碑林区,大雁塔,5A,32787,1639350,886034.24,2525384.24,False,False,0.656,4.9,4.1
2023-01-06,碑林区,陕西历史博物馆,4A,10049,0,927381.61,927381.61,False,False,0.502,2.3,4.3
2023-01-06,碑林区,钟鼓楼,4A,5798,173940,93516.22,267456.22,False,False,0.387,2.7,4.3
2023-01-06,莲湖区,回民街,4A,41929,0,5323423.64,5323423.64,False,False,0.419,2.4,4.2
2023-01-06,莲湖区,西安城墙,5A,30013,1620702,807864.01,2428566.01,False,False,0.75,3.3,4.2
2023-01-06,新城区,大明宫国家遗址公园,4A,20016,1200960,746342.98,1947302.98,False,False,0.667,2.8,4.5
2023-01-06,雁塔区,小雁塔,4A,7591,227730,177024.47,404754.47,False,False,0.759,4.2,4.5
2023-01-06,雁塔区,大唐芙蓉园,5A,17815,2137800,784603.16,2922403.16,False,False,0.509,3.3,4.9
2023-01-06,长安区,兵马俑,5A,35517,5327550,2293984.35,7621534.35,False,False,0.546,4.2,4.4
2023-01-06,长安区,华清宫,5A,9232,1107840,634230.54,1742070.54,False,False,0.369,4.7,4.5
2023-01-06,曲江新区,曲江海洋极地公园,4A,6809,1089440,572930.03,1662370.03,False,False,0.34,2.3,4.5
2023-01-06,曲江新区,大唐不夜城,4A,63200,0,7967572.65,7967572.65,False,False,0.79,4.5,4.4
2023-01-07,碑林区,大雁塔,5A,39309,1965450,1152670.12,3118120.12,True,False,0.786,3.5,4.8
2023-01-07,碑林区,陕西历史博物馆,4A,20000,0,1898517.32,1898517.32,True,False,1.0,2.6,4.8
2023-01-07,碑林区,钟鼓楼,4A,13301,399030,218774.79,617804.79,True,False,0.887,3.0,4.6
2023-01-07,莲湖区,回民街,4A,93736,0,9463633.45,9463633.45,True,False,0.937,4.7,4.2
2023-01-07,莲湖区,西安城墙,5A,31015,1674810,633358.6,2308168.6,True,False,0.775,3.7,4.7
2023-01-07,新城区,大明宫国家遗址公园,4A,17008,1020480,364132.83,1384612.83,True,False,0.567,4.6,4.4
2023-01-07,雁塔区,小雁塔,4A,9216,276480,214666.8,491146.8,True,False,0.922,4.4,4.8
2023-01-07,雁塔区,大唐芙蓉园,5A,25017,3002040,1895518.76,4897558.76,True,False,0.715,4.2,4.7
2023-01-07,长安区,兵马俑,5A,62004,9300600,6742972.06,16043572.06,True,False,0.954,3.6,4.8
2023-01-07,长安区,华清宫,5A,25000,3000000,1153783.02,4153783.02,True,False,1.0,3.6,4.7
2023-01-07,曲江新区,曲江海洋极地公园,4A,15531,2484960,755769.31,3240729.31,True,False,0.777,4.1,4.3
2023-01-07,曲江新区,大唐不夜城,4A,80000,0,7393202.09,7393202.09,True,False,1.0,3.6,4.9
2023-01-08,碑林区,大雁塔,5A,25038,1251900,905207.96,2157107.96,True,False,0.501,3.7,4.1
2023-01-08,碑林区,陕西历史博物馆,4A,20000,0,2754919.33,2754919.33,True,False,1.0,4.8,4.0
2023-01-08,碑林区,钟鼓楼,4A,15000,450000,325994.5,775994.5,True,False,1.0,4.0,4.4
2023-01-08,莲湖区,回民街,4A,48445,0,7088383.83,7088383.83,True,False,0.484,4.3,4.4
2023-01-08,莲湖区,西安城墙,5A,27819,1502226,627807.1,2130033.1,True,False,0.695,4.6,4.1
2023-01-08,新城区,大明宫国家遗址公园,4A,26306,1578360,922994.72,2501354.72,True,False,0.877,2.2,4.2
2023-01-08,雁塔区,小雁塔,4A,4379,131370,87819.78,219189.78,True,False,0.438,2.3,4.4
2023-01-08,雁塔区,大唐芙蓉园,5A,35000,4200000,1484128.24,5684128.24,True,False,1.0,4.8,4.5
2023-01-08,长安区,兵马俑,5A,30193,4528950,1495747.1,6024697.1,True,False,0.465,4.8,4.6
2023-01-08,长安区,华清宫,5A,20187,2422440,1792186.74,4214626.74,True,False,0.807,4.6,4.4
2023-01-08,曲江新区,曲江海洋极地公园,4A,14516,2322560,1526134.19,3848694.19,True,False,0.726,2.3,4.7
2023-01-08,曲江新区,大唐不夜城,4A,49007,0,6664580.2,6664580.2,True,False,0.613,3.2,4.5
2023-01-09,碑林区,大雁塔,5A,31384,1569200,659904.24,2229104.24,False,False,0.628,3.7,4.6
2023-01-09,碑林区,陕西历史博物馆,4A,12884,0,1094511.76,1094511.76,False,False,0.644,3.5,4.7
2023-01-09,碑林区,钟鼓楼,4A,8935,268050,151292.62,419342.62,False,False,0.596,2.4,4.4
2023-01-09,莲湖区,回民街,4A,52468,0,4204219.16,4204219.16,False,False,0.525,3.9,4.5
2023-01-09,莲湖区,西安城墙,5A,14849,801846,439730.96,1241576.96,False,False,0.371,4.4,4.5
2023-01-09,新城区,大明宫国家遗址公园,4A,12258,735480,428789.57,1164269.57,False,False,0.409,2.5,4.1
2023-01-09,雁塔区,小雁塔,4A,6509,195270,135880.16,331150.16,False,False,0.651,2.2,4.3
2023-01-09,雁塔区,大唐芙蓉园,5A,21067,2528040,1857134.57,4385174.57,False,False,0.602,3.9,4.8
2023-01-09,长安区,兵马俑,5A,22152,3322800,1053596.89,4376396.89,False,False,0.341,2.5,4.7
2023-01-09,长安区,华清宫,5A,9940,1192800,444829.3,1637629.3,False,False,0.398,4.7,4.4
2023-01-09,曲江新区,曲江海洋极地公园,4A,7242,1158720,611903.22,1770623.22,False,False,0.362,2.8,4.5
2023-01-09,曲江新区,大唐不夜城,4A,27938,0,1779703.73,1779703.73,False,False,0.349,3.2,4.2
2023-01-10,碑林区,大雁塔,5A,38235,1911750,1335196.78,3246946.78,False,False,0.765,4.1,4.6
2023-01-10,碑林区,陕西历史博物馆,4A,17712,0,2310378.9,2310378.9,False,False,0.886,2.8,4.2
2023-01-10,碑林区,钟鼓楼,4A,7473,224190,103404.84,327594.84,False,False,0.498,3.2,4.3
2023-01-10,莲湖区,回民街,4A,90725,0,6598193.74,6598193.74,False,False,0.907,4.8,4.0
2023-01-10,莲湖区,西安城墙,5A,33972,1834488,593980.88,2428468.88,False,False,0.849,4.0,4.2
2023-01-10,新城区,大明宫国家遗址公园,4A,23624,1417440,747564.29,2165004.29,False,False,0.787,3.9,4.5
2023-01-10,雁塔区,小雁塔,4A,7480,224400,102602.27,327002.27,False,False,0.748,2.3,4.0
2023-01-10,雁塔区,大唐芙蓉园,5A,32357,3882840,1971074.13,5853914.13,False,False,0.924,2.8,4.4
2023-01-10,长安区,兵马俑,5A,47661,7149150,3466879.44,10616029.44,False,False,0.733,2.4,4.5
2023-01-10,长安区,华清宫,5A,19887,2386440,1239021.7,3625461.7,False,False,0.795,4.6,4.8
2023-01-10,曲江新区,曲江海洋极地公园,4A,10405,1664800,756870.08,2421670.08,False,False,0.52,2.9,4.3
2023-01-10,曲江新区,大唐不夜城,4A,32803,0,4698395.98,4698395.98,False,False,0.41,3.6,4.7
2023-01-11,碑林区,大雁塔,5A,19840,992000,402110.92,1394110.92,False,False,0.397,4.5,4.2
2023-01-11,碑林区,陕西历史博物馆,4A,9071,0,1145728.86,1145728.86,False,False,0.454,3.6,4.6
2023-01-11,碑林区,钟鼓楼,4A,4593,137790,92176.99,229966.99,False,False,0.306,4.6,4.7
2023-01-11,莲湖区,回民街,4A,64126,0,5658821.67,5658821.67,False,False,0.641,3.7,4.4
2023-01-11,莲湖区,西安城墙,5A,19722,1064988,400413.55,1465401.55,False,False,0.493,5.0,4.1
2023-01-11,新城区,大明宫国家遗址公园,4A,10928,655680,440606.0,1096286.0,False,False,0.364,3.5,4.6
2023-01-11,雁塔区,小雁塔,4A,4648,139440,94325.17,233765.17,False,False,0.465,3.7,4.6
2023-01-11,雁塔区,大唐芙蓉园,5A,19039,2284680,1547163.38,3831843.38,False,False,0.544,3.3,4.0
2023-01-11,长安区,兵马俑,5A,32614,4892100,3305319.42,8197419.42,False,False,0.502,4.9,4.6
2023-01-11,长安区,华清宫,5A,8963,1075560,373563.19,1449123.19,False,False,0.359,3.3,4.5
2023-01-11,曲江新区,曲江海洋极地公园,4A,6269,1003040,640468.66,1643508.66,False,False,0.313,3.0,4.8
2023-01-11,曲江新区,大唐不夜城,4A,52435,0,7158209.73,7158209.73,False,False,0.655,3.3,4.7
2023-01-12,碑林区,大雁塔,5A,18277,913850,478149.48,1391999.48,False,False,0.366,3.0,4.6
2023-01-12,碑林区,陕西历史博物馆,4A,10811,0,1569141.22,1569141.22,False,False,0.541,4.2,4.1
2023-01-12,碑林区,钟鼓楼,4A,9850,295500,193257.03,488757.03,False,False,0.657,4.0,4.8
2023-01-12,莲湖区,回民街,4A,25851,0,3003774.31,3003774.31,False,False,0.259,4.3,4.1
2023-01-12,莲湖区,西安城墙,5A,24824,1340496,540305.31,1880801.31,False,False,0.621,2.0,4.4
2023-01-12,新城区,大明宫国家遗址公园,4A,7945,476700,222474.74,699174.74,False,False,0.265,3.4,4.4
2023-01-12,雁塔区,小雁塔,4A,2574,77220,46536.81,123756.81,False,False,0.257,5.0,4.7
2023-01-12,雁塔区,大唐芙蓉园,5A,8915,1069800,687416.34,1757216.34,False,False,0.255,4.3,4.4
2023-01-12,长安区,兵马俑,5A,17798,2669700,1151850.97,3821550.97,False,False,0.274,4.2,4.1
2023-01-12,长安区,华清宫,5A,15299,1835880,930193.68,2766073.68,False,False,0.612,4.6,4.7
2023-01-12,曲江新区,曲江海洋极地公园,4A,11566,1850560,566413.93,2416973.93,False,False,0.578,2.7,4.3
2023-01-12,曲江新区,大唐不夜城,4A,46776,0,5056798.74,5056798.74,False,False,0.585,4.2,4.7
2023-01-13,碑林区,大雁塔,5A,20795,1039750,444016.89,1483766.89,False,False,0.416,2.7,4.4
2023-01-13,碑林区,陕西历史博物馆,4A,7162,0,1043474.68,1043474.68,False,False,0.358,2.9,4.3
2023-01-13,碑林区,钟鼓楼,4A,8612,258360,102295.44,360655.44,False,False,0.574,2.1,4.6
2023-01-13,莲湖区,回民街,4A,24833,0,2507389.78,2507389.78,False,False,0.248,2.4,4.7
2023-01-13,莲湖区,西安城墙,5A,17919,967626,390956.74,1358582.74,False,False,0.448,2.4,4.8
2023-01-13,新城区,大明宫国家遗址公园,4A,13062,783720,519063.32,1302783.32,False,False,0.435,3.5,4.4
2023-01-13,雁塔区,小雁塔,4A,2966,88980,61649.81,150629.81,False,False,0.297,4.1,4.2
2023-01-13,雁塔区,大唐芙蓉园,5A,13428,1611360,1249587.11,2860947.11,False,False,0.384,3.6,4.6
2023-01-13,长安区,兵马俑,5A,33157,4973550,3367627.3,8341177.3,False,False,0.51,4.0,4.3
2023-01-13,长安区,华清宫,5A,6640,796800,489840.22,1286640.22,False,False,0.266,3.9,4.9
2023-01-13,曲江新区,曲江海洋极地公园,4A,10046,1607360,1268205.23,2875565.23,False,False,0.502,4.0,4.5
2023-01-13,曲江新区,大唐不夜城,4A,23203,0,3248200.74,3248200.74,False,False,0.29,2.9,4.8
2023-01-14,碑林区,大雁塔,5A,32363,1618150,709928.27,2328078.27,True,False,0.647,2.5,4.4
2023-01-14,碑林区,陕西历史博物馆,4A,19096,0,2262462.44,2262462.44,True,False,0.955,2.8,4.6
2023-01-14,碑林区,钟鼓楼,4A,8701,261030,124057.6,385087.6,True,False,0.58,2.6,4.1
2023-01-14,莲湖区,回民街,4A,52495,0,5513040.1,5513040.1,True,False,0.525,3.8,4.4
2023-01-14,莲湖区,西安城墙,5A,16348,882792,667316.66,1550108.66,True,False,0.409,2.6,4.1
2023-01-14,新城区,大明宫国家遗址公园,4A,18871,1132260,347888.28,1480148.28,True,False,0.629,4.6,4.7
2023-01-14,雁塔区,小雁塔,4A,9384,281520,144386.78,425906.78,True,False,0.938,2.2,4.6
2023-01-14,雁塔区,大唐芙蓉园,5A,21109,2533080,1816430.73,4349510.73,True,False,0.603,5.0,4.8
2023-01-14,长安区,兵马俑,5A,35354,5303100,3957469.48,9260569.48,True,False,0.544,2.3,4.2
2023-01-14,长安区,华清宫,5A,11935,1432200,1090473.04,2522673.04,True,False,0.477,2.4,4.3
2023-01-14,曲江新区,曲江海洋极地公园,4A,15656,2504960,1543667.92,4048627.92,True,False,0.783,2.1,4.0
2023-01-14,曲江新区,大唐不夜城,4A,64036,0,5218830.87,5218830.87,True,False,0.8,3.4,4.6
2023-01-15,碑林区,大雁塔,5A,50000,2500000,1234497.73,3734497.73,True,False,1.0,3.3,4.4
2023-01-15,碑林区,陕西历史博物馆,4A,16748,0,1124900.23,1124900.23,True,False,0.837,3.8,4.1
2023-01-15,碑林区,钟鼓楼,4A,15000,450000,170893.25,620893.25,True,False,1.0,4.7,4.2
2023-01-15,莲湖区,回民街,4A,51403,0,5381801.19,5381801.19,True,False,0.514,3.5,4.6
2023-01-15,莲湖区,西安城墙,5A,40000,2160000,1257654.37,3417654.37,True,False,1.0,2.6,4.3
2023-01-15,新城区,大明宫国家遗址公园,4A,30000,1800000,1020676.39,2820676.39,True,False,1.0,2.8,4.7
2023-01-15,雁塔区,小雁塔,4A,5662,169860,117621.39,287481.39,True,False,0.566,4.5,4.2
2023-01-15,雁塔区,大唐芙蓉园,5A,28262,3391440,1944694.15,5336134.15,True,False,0.807,2.3,4.0
2023-01-15,长安区,兵马俑,5A,59117,8867550,5458237.89,14325787.89,True,False,0.909,2.8,4.6
2023-01-15,长安区,华清宫,5A,19485,2338200,872207.27,3210407.27,True,False,0.779,4.5,4.1
2023-01-15,曲江新区,曲江海洋极地公园,4A,20000,3200000,2550343.43,5750343.43,True,False,1.0,3.0,4.2
2023-01-15,曲江新区,大唐不夜城,4A,80000,0,8450634.31,8450634.31,True,False,1.0,2.1,4.7
2023-01-16,碑林区,大雁塔,5A,35212,1760600,1377562.1,3138162.1,False,False,0.704,2.5,4.7
2023-01-16,碑林区,陕西历史博物馆,4A,13099,0,1367972.13,1367972.13,False,False,0.655,2.9,4.2
2023-01-16,碑林区,钟鼓楼,4A,13403,402090,302559.56,704649.56,False,False,0.894,4.1,4.4
2023-01-16,莲湖区,回民街,4A,88009,0,8367414.86,8367414.86,False,False,0.88,2.1,4.0
2023-01-16,莲湖区,西安城墙,5A,22650,1223100,453587.84,1676687.84,False,False,0.566,4.2,4.2
2023-01-16,新城区,大明宫国家遗址公园,4A,23341,1400460,1018320.88,2418780.88,False,False,0.778,3.0,4.4
2023-01-16,雁塔区,小雁塔,4A,5804,174120,106456.59,280576.59,False,False,0.58,3.5,4.1
2023-01-16,雁塔区,大唐芙蓉园,5A,30190,3622800,1275706.97,4898506.97,False,False,0.863,5.0,4.2
2023-01-16,长安区,兵马俑,5A,23651,3547650,1433649.25,4981299.25,False,False,0.364,2.8,4.6
2023-01-16,长安区,华清宫,5A,16032,1923840,578268.88,2502108.88,False,False,0.641,3.6,4.7
2023-01-16,曲江新区,曲江海洋极地公园,4A,16479,2636640,1772019.32,4408659.32,False,False,0.824,4.1,4.8
2023-01-16,曲江新区,大唐不夜城,4A,66765,0,9890224.83,9890224.83,False,False,0.835,3.4,4.1
2023-01-17,碑林区,大雁塔,5A,35729,1786450,1363360.82,3149810.82,False,False,0.715,4.9,4.3
2023-01-17,碑林区,陕西历史博物馆,4A,9997,0,1424166.69,1424166.69,False,False,0.5,4.5,4.7
2023-01-17,碑林区,钟鼓楼,4A,9977,299310,126485.79,425795.79,False,False,0.665,2.2,4.2
2023-01-17,莲湖区,回民街,4A,44598,0,3131890.02,3131890.02,False,False,0.446,2.8,4.9
2023-01-17,莲湖区,西安城墙,5A,22244,1201176,472117.01,1673293.01,False,False,0.556,3.5,4.2
2023-01-17,新城区,大明宫国家遗址公园,4A,9499,569940,434883.98,1004823.98,False,False,0.317,4.1,4.6
2023-01-17,雁塔区,小雁塔,4A,6136,184080,128803.43,312883.43,False,False,0.614,4.8,4.5
2023-01-17,雁塔区,大唐芙蓉园,5A,10448,1253760,730081.33,1983841.33,False,False,0.299,3.2,4.2
2023-01-17,长安区,兵马俑,5A,48586,7287900,5338749.62,12626649.62,False,False,0.747,4.9,4.6
2023-01-17,长安区,华清宫,5A,8236,988320,634723.15,1623043.15,False,False,0.329,4.4,4.9
2023-01-17,曲江新区,曲江海洋极地公园,4A,15235,2437600,1470035.11,3907635.11,False,False,0.762,4.5,4.3
2023-01-17,曲江新区,大唐不夜城,4A,50517,0,6762592.23,6762592.23,False,False,0.631,3.6,4.3
2023-01-18,碑林区,大雁塔,5A,27665,1383250,1006571.76,2389821.76,False,False,0.553,3.2,4.6
2023-01-18,碑林区,陕西历史博物馆,4A,13407,0,1649792.83,1649792.83,False,False,0.67,2.4,4.6
2023-01-18,碑林区,钟鼓楼,4A,6017,180510,107167.3,287677.3,False,False,0.401,3.1,4.3
2023-01-18,莲湖区,回民街,4A,64132,0,7383172.31,7383172.31,False,False,0.641,3.6,4.8
2023-01-18,莲湖区,西安城墙,5A,23156,1250424,381368.43,1631792.43,False,False,0.579,3.3,4.5
2023-01-18,新城区,大明宫国家遗址公园,4A,11219,673140,215170.6,888310.6,False,False,0.374,2.7,4.4
2023-01-18,雁塔区,小雁塔,4A,4532,135960,97192.81,233152.81,False,False,0.453,3.9,4.6
2023-01-18,雁塔区,大唐芙蓉园,5A,22408,2688960,1293254.03,3982214.03,False,False,0.64,3.5,4.2
2023-01-18,长安区,兵马俑,5A,34435,5165250,3512237.49,8677487.49,False,False,0.53,3.5,4.4
2023-01-18,长安区,华清宫,5A,11599,1391880,662153.77,2054033.77,False,False,0.464,2.7,4.4
2023-01-18,曲江新区,曲江海洋极地公园,4A,14363,2298080,1178314.24,3476394.24,False,False,0.718,3.7,4.0
2023-01-18,曲江新区,大唐不夜城,4A,45865,0,4162433.86,4162433.86,False,False,0.573,3.2,4.7
2023-01-19,碑林区,大雁塔,5A,33043,1652150,1084934.71,2737084.71,False,False,0.661,3.5,4.9
2023-01-19,碑林区,陕西历史博物馆,4A,11000,0,965286.27,965286.27,False,False,0.55,3.2,4.3
2023-01-19,碑林区,钟鼓楼,4A,11642,349260,209666.96,558926.96,False,False,0.776,3.1,4.0
2023-01-19,莲湖区,回民街,4A,86403,0,10564498.45,10564498.45,False,False,0.864,3.8,4.8
2023-01-19,莲湖区,西安城墙,5A,34213,1847502,673930.05,2521432.05,False,False,0.855,4.4,4.7
2023-01-19,新城区,大明宫国家遗址公园,4A,22411,1344660,534829.33,1879489.33,False,False,0.747,3.6,4.7
2023-01-19,雁塔区,小雁塔,4A,5636,169080,59156.98,228236.98,False,False,0.564,4.6,4.5
2023-01-19,雁塔区,大唐芙蓉园,5A,12905,1548600,496454.61,2045054.61,False,False,0.369,3.4,4.5
2023-01-19,长安区,兵马俑,5A,26291,3943650,2057403.62,6001053.62,False,False,0.404,2.9,4.9
2023-01-19,长安区,华清宫,5A,10839,1300680,1021992.37,2322672.37,False,False,0.434,2.3,4.2
2023-01-19,曲江新区,曲江海洋极地公园,4A,7527,1204320,790098.59,1994418.59,False,False,0.376,3.8,4.9
2023-01-19,曲江新区,大唐不夜城,4A,66363,0,8952087.58,8952087.58,False,False,0.83,4.8,4.8
2023-01-20,碑林区,大雁塔,5A,28857,1442850,566757.07,2009607.07,False,False,0.577,3.2,4.0
2023-01-20,碑林区,陕西历史博物馆,4A,8155,0,759711.59,759711.59,False,False,0.408,2.7,4.8
2023-01-20,碑林区,钟鼓楼,4A,5220,156600,84441.77,241041.77,False,False,0.348,2.2,4.1
2023-01-20,莲湖区,回民街,4A,44019,0,6226621.77,6226621.77,False,False,0.44,3.2,4.8
2023-01-20,莲湖区,西安城墙,5A,29640,1600560,614083.82,2214643.82,False,False,0.741,2.1,4.2
2023-01-20,新城区,大明宫国家遗址公园,4A,12596,755760,517887.58,1273647.58,False,False,0.42,2.2,4.7
2023-01-20,雁塔区,小雁塔,4A,7349,220470,160981.83,381451.83,False,False,0.735,3.6,4.3
2023-01-20,雁塔区,大唐芙蓉园,5A,21420,2570400,1053549.64,3623949.64,False,False,0.612,4.3,4.4
2023-01-20,长安区,兵马俑,5A,38218,5732700,3673902.97,9406602.97,False,False,0.588,2.9,4.8
2023-01-20,长安区,华清宫,5A,8466,1015920,665296.61,1681216.61,False,False,0.339,2.4,4.9
2023-01-20,曲江新区,曲江海洋极地公园,4A,7770,1243200,841649.36,2084849.36,False,False,0.389,2.2,4.4
2023-01-20,曲江新区,大唐不夜城,4A,55021,0,5326288.53,5326288.53,False,False,0.688,3.9,4.3
2023-01-21,碑林区,大雁塔,5A,50000,2500000,791634.94,3291634.94,True,True,1.0,4.6,4.8
2023-01-21,碑林区,陕西历史博物馆,4A,20000,0,2629191.93,2629191.93,True,True,1.0,4.3,4.4
2023-01-21,碑林区,钟鼓楼,4A,15000,450000,167465.76,617465.76,True,True,1.0,3.1,4.6
2023-01-21,莲湖区,回民街,4A,100000,0,11182067.83,11182067.83,True,True,1.0,4.7,4.6
2023-01-21,莲湖区,西安城墙,5A,40000,2160000,956253.68,3116253.68,True,True,1.0,4.2,4.7
2023-01-21,新城区,大明宫国家遗址公园,4A,30000,1800000,1368971.21,3168971.21,True,True,1.0,4.5,4.0
2023-01-21,雁塔区,小雁塔,4A,10000,300000,226063.51,526063.51,True,True,1.0,4.1,4.2
2023-01-21,雁塔区,大唐芙蓉园,5A,35000,4200000,2546608.52,6746608.52,True,True,1.0,2.3,4.2
2023-01-21,长安区,兵马俑,5A,65000,9750000,6367339.76,16117339.76,True,True,1.0,2.7,4.6
2023-01-21,长安区,华清宫,5A,25000,3000000,1392994.94,4392994.94,True,True,1.0,4.3,4.1
2023-01-21,曲江新区,曲江海洋极地公园,4A,20000,3200000,2306398.95,5506398.95,True,True,1.0,3.5,4.7
2023-01-21,曲江新区,大唐不夜城,4A,80000,0,5420227.2,5420227.2,True,True,1.0,2.7,4.8
2023-01-22,碑林区,大雁塔,5A,50000,2500000,1749509.42,4249509.42,True,True,1.0,2.2,4.7
2023-01-22,碑林区,陕西历史博物馆,4A,20000,0,2792488.12,2792488.12,True,True,1.0,2.3,4.8
2023-01-22,碑林区,钟鼓楼,4A,15000,450000,164220.08,614220.08,True,True,1.0,3.5,4.1
2023-01-22,莲湖区,回民街,4A,100000,0,10355813.92,10355813.92,True,True,1.0,4.6,4.4
2023-01-22,莲湖区,西安城墙,5A,40000,2160000,1364709.93,3524709.93,True,True,1.0,3.8,4.7
2023-01-22,新城区,大明宫国家遗址公园,4A,30000,1800000,1103354.47,2903354.47,True,True,1.0,2.6,4.1
2023-01-22,雁塔区,小雁塔,4A,10000,300000,153148.83,453148.83,True,True,1.0,3.6,4.2
2023-01-22,雁塔区,大唐芙蓉园,5A,35000,4200000,3109414.9,7309414.9,True,True,1.0,3.4,4.7
2023-01-22,长安区,兵马俑,5A,65000,9750000,3639788.59,13389788.59,True,True,1.0,3.9,4.4
2023-01-22,长安区,华清宫,5A,25000,3000000,2231554.56,5231554.56,True,True,1.0,2.4,4.1
2023-01-22,曲江新区,曲江海洋极地公园,4A,20000,3200000,1960093.6,5160093.6,True,True,1.0,3.8,4.5
2023-01-22,曲江新区,大唐不夜城,4A,80000,0,9112411.03,9112411.03,True,True,1.0,4.3,4.4
2023-01-23,碑林区,大雁塔,5A,42709,2135450,1509038.38,3644488.38,False,True,0.854,4.9,4.6
2023-01-23,碑林区,陕西历史博物馆,4A,20000,0,2453514.37,2453514.37,False,True,1.0,3.2,4.1
2023-01-23,碑林区,钟鼓楼,4A,8606,258180,112267.45,370447.45,False,True,0.574,4.1,4.4
2023-01-23,莲湖区,回民街,4A,100000,0,9822674.95,9822674.95,False,True,1.0,4.0,4.6
2023-01-23,莲湖区,西安城墙,5A,35035,1891890,1337079.65,3228969.65,False,True,0.876,3.1,4.7
2023-01-23,新城区,大明宫国家遗址公园,4A,23630,1417800,1009876.64,2427676.64,False,True,0.788,3.5,4.2
2023-01-23,雁塔区,小雁塔,4A,10000,300000,109625.6,409625.6,False,True,1.0,3.1,4.5
2023-01-23,雁塔区,大唐芙蓉园,5A,24572,2948640,1540010.81,4488650.81,False,True,0.702,3.1,4.8
2023-01-23,长安区,兵马俑,5A,65000,9750000,4101894.13,13851894.13,False,True,1.0,2.6,4.2
2023-01-23,长安区,华清宫,5A,20159,2419080,1302744.49,3721824.49,False,True,0.806,4.4,4.9
2023-01-23,曲江新区,曲江海洋极地公园,4A,20000,3200000,2072647.29,5272647.29,False,True,1.0,2.8,4.9
2023-01-23,曲江新区,大唐不夜城,4A,57984,0,3199745.88,3199745.88,False,True,0.725,4.7,4.0
2023-01-24,碑林区,大雁塔,5A,35761,1788050,890798.37,2678848.37,False,True,0.715,4.8,4.9
2023-01-24,碑林区,陕西历史博物馆,4A,15839,0,916062.58,916062.58,False,True,0.792,2.6,4.5
2023-01-24,碑林区,钟鼓楼,4A,12668,380040,257855.98,637895.98,False,True,0.845,2.7,4.0
2023-01-24,莲湖区,回民街,4A,100000,0,14405345.27,14405345.27,False,True,1.0,4.1,4.4
2023-01-24,莲湖区,西安城墙,5A,40000,2160000,1717498.73,3877498.73,False,True,1.0,4.1,4.3
2023-01-24,新城区,大明宫国家遗址公园,4A,24802,1488120,558978.78,2047098.78,False,True,0.827,4.7,4.6
2023-01-24,雁塔区,小雁塔,4A,7302,219060,127237.32,346297.32,False,True,0.73,4.0,4.3
2023-01-24,雁塔区,大唐芙蓉园,5A,35000,4200000,1754928.47,5954928.47,False,True,1.0,4.3,4.3
2023-01-24,长安区,兵马俑,5A,47678,7151700,5589562.46,12741262.46,False,True,0.734,2.5,4.2
2023-01-24,长安区,华清宫,5A,23460,2815200,1787114.72,4602314.72,False,True,0.938,2.4,4.4
2023-01-24,曲江新区,曲江海洋极地公园,4A,20000,3200000,1423215.93,4623215.93,False,True,1.0,3.7,4.2
2023-01-24,曲江新区,大唐不夜城,4A,58386,0,5343352.08,5343352.08,False,True,0.73,3.6,4.8
2023-01-25,碑林区,大雁塔,5A,50000,2500000,788789.48,3288789.48,False,True,1.0,2.8,4.1
2023-01-25,碑林区,陕西历史博物馆,4A,20000,0,2581654.78,2581654.78,False,True,1.0,3.7,4.1
2023-01-25,碑林区,钟鼓楼,4A,12634,379020,144975.5,523995.5,False,True,0.842,2.5,4.9
2023-01-25,莲湖区,回民街,4A,81259,0,8485258.17,8485258.17,False,True,0.813,3.2,4.5
2023-01-25,莲湖区,西安城墙,5A,40000,2160000,657109.93,2817109.93,False,True,1.0,4.6,4.8
2023-01-25,新城区,大明宫国家遗址公园,4A,30000,1800000,1219906.75,3019906.75,False,True,1.0,4.7,4.3
2023-01-25,雁塔区,小雁塔,4A,10000,300000,218258.1,518258.1,False,True,1.0,2.2,4.2
2023-01-25,雁塔区,大唐芙蓉园,5A,35000,4200000,1962216.56,6162216.56,False,True,1.0,2.5,4.5
2023-01-25,长安区,兵马俑,5A,58419,8762850,6755446.18,15518296.18,False,True,0.899,3.5,4.6
2023-01-25,长安区,华清宫,5A,25000,3000000,1285879.22,4285879.22,False,True,1.0,3.5,4.5
2023-01-25,曲江新区,曲江海洋极地公园,4A,20000,3200000,1089732.75,4289732.75,False,True,1.0,3.0,4.7
2023-01-25,曲江新区,大唐不夜城,4A,80000,0,7749744.14,7749744.14,False,True,1.0,4.1,4.4
2023-01-26,碑林区,大雁塔,5A,48581,2429050,979694.65,3408744.65,False,True,0.972,3.4,4.7
2023-01-26,碑林区,陕西历史博物馆,4A,19421,0,1982664.4,1982664.4,False,True,0.971,3.3,4.4
2023-01-26,碑林区,钟鼓楼,4A,15000,450000,297213.26,747213.26,False,True,1.0,3.3,4.1
2023-01-26,莲湖区,回民街,4A,100000,0,12895497.48,12895497.48,False,True,1.0,4.8,4.7
2023-01-26,莲湖区,西安城墙,5A,40000,2160000,1696631.8,3856631.8,False,True,1.0,2.9,4.8
2023-01-26,新城区,大明宫国家遗址公园,4A,30000,1800000,1182659.18,2982659.18,False,True,1.0,2.4,4.6
2023-01-26,雁塔区,小雁塔,4A,8279,248370,74984.66,323354.66,False,True,0.828,2.7,4.5
2023-01-26,雁塔区,大唐芙蓉园,5A,35000,4200000,1318947.9,5518947.9,False,True,1.0,3.9,4.2
2023-01-26,长安区,兵马俑,5A,51867,7780050,2564946.2,10344996.2,False,True,0.798,3.4,4.5
2023-01-26,长安区,华清宫,5A,25000,3000000,1539469.45,4539469.45,False,True,1.0,2.3,4.2
2023-01-26,曲江新区,曲江海洋极地公园,4A,20000,3200000,2404870.23,5604870.23,False,True,1.0,2.4,4.8
2023-01-26,曲江新区,大唐不夜城,4A,80000,0,6912113.55,6912113.55,False,True,1.0,4.3,4.5
2023-01-27,碑林区,大雁塔,5A,50000,2500000,1272493.89,3772493.89,False,True,1.0,3.0,4.6
2023-01-27,碑林区,陕西历史博物馆,4A,20000,0,1556404.71,1556404.71,False,True,1.0,3.5,4.2
2023-01-27,碑林区,钟鼓楼,4A,15000,450000,357218.46,807218.46,False,True,1.0,2.8,4.3
2023-01-27,莲湖区,回民街,4A,100000,0,14861643.22,14861643.22,False,True,1.0,2.6,4.7
2023-01-27,莲湖区,西安城墙,5A,40000,2160000,1500354.7,3660354.7,False,True,1.0,2.6,4.8
2023-01-27,新城区,大明宫国家遗址公园,4A,25694,1541640,480664.5,2022304.5,False,True,0.856,3.6,4.4
2023-01-27,雁塔区,小雁塔,4A,10000,300000,120332.41,420332.41,False,True,1.0,3.2,4.9
2023-01-27,雁塔区,大唐芙蓉园,5A,35000,4200000,2193090.01,6393090.01,False,True,1.0,2.7,4.3
2023-01-27,长安区,兵马俑,5A,65000,9750000,6221316.86,15971316.86,False,True,1.0,3.9,4.2
2023-01-27,长安区,华清宫,5A,19255,2310600,815327.15,3125927.15,False,True,0.77,3.3,4.3
2023-01-27,曲江新区,曲江海洋极地公园,4A,20000,3200000,2430245.46,5630245.46,False,True,1.0,3.1,4.7
2023-01-27,曲江新区,大唐不夜城,4A,80000,0,9193274.12,9193274.12,False,True,1.0,4.4,4.8
2023-01-28,碑林区,大雁塔,5A,39418,1970900,824062.09,2794962.09,True,False,0.788,4.8,4.4
2023-01-28,碑林区,陕西历史博物馆,4A,15450,0,1991248.17,1991248.17,True,False,0.772,3.5,4.4
2023-01-28,碑林区,钟鼓楼,4A,7823,234690,73523.62,308213.62,True,False,0.522,3.5,4.7
2023-01-28,莲湖区,回民街,4A,71054,0,5929448.96,5929448.96,True,False,0.711,4.3,4.4
2023-01-28,莲湖区,西安城墙,5A,40000,2160000,900686.1,3060686.1,True,False,1.0,3.1,4.7
2023-01-28,新城区,大明宫国家遗址公园,4A,27343,1640580,1155672.0,2796252.0,True,False,0.911,3.3,4.5
2023-01-28,雁塔区,小雁塔,4A,10000,300000,230264.38,530264.38,True,False,1.0,2.5,4.8
2023-01-28,雁塔区,大唐芙蓉园,5A,27514,3301680,1642772.89,4944452.89,True,False,0.786,3.9,4.6
2023-01-28,长安区,兵马俑,5A,31018,4652700,2907872.69,7560572.69,True,False,0.477,3.7,4.3
2023-01-28,长安区,华清宫,5A,25000,3000000,1261458.93,4261458.93,True,False,1.0,2.7,4.6
2023-01-28,曲江新区,曲江海洋极地公园,4A,15956,2552960,1757810.21,4310770.21,True,False,0.798,5.0,4.6
2023-01-28,曲江新区,大唐不夜城,4A,61278,0,3733575.87,3733575.87,True,False,0.766,3.0,4.8
2023-01-29,碑林区,大雁塔,5A,30226,1511300,598827.41,2110127.41,True,False,0.605,3.7,4.3
2023-01-29,碑林区,陕西历史博物馆,4A,14911,0,2091957.45,2091957.45,True,False,0.746,2.1,4.3
2023-01-29,碑林区,钟鼓楼,4A,7432,222960,88243.65,311203.65,True,False,0.495,4.4,4.1
2023-01-29,莲湖区,回民街,4A,82057,0,9572391.38,9572391.38,True,False,0.821,4.5,4.0
2023-01-29,莲湖区,西安城墙,5A,27696,1495584,690704.34,2186288.34,True,False,0.692,4.3,4.3
2023-01-29,新城区,大明宫国家遗址公园,4A,11882,712920,265440.46,978360.46,True,False,0.396,2.3,4.8
2023-01-29,雁塔区,小雁塔,4A,6126,183780,74085.52,257865.52,True,False,0.613,4.0,4.2
2023-01-29,雁塔区,大唐芙蓉园,5A,23918,2870160,1714184.22,4584344.22,True,False,0.683,5.0,4.1
2023-01-29,长安区,兵马俑,5A,47786,7167900,4473497.9,11641397.9,True,False,0.735,2.3,4.6
2023-01-29,长安区,华清宫,5A,16600,1992000,619828.33,2611828.33,True,False,0.664,2.1,4.5
2023-01-29,曲江新区,曲江海洋极地公园,4A,12950,2072000,1606902.37,3678902.37,True,False,0.647,3.6,4.8
2023-01-29,曲江新区,大唐不夜城,4A,55180,0,7689943.86,7689943.86,True,False,0.69,4.7,4.9
2023-01-30,碑林区,大雁塔,5A,23356,1167800,352469.41,1520269.41,False,False,0.467,2.5,4.8
2023-01-30,碑林区,陕西历史博物馆,4A,7798,0,966788.66,966788.66,False,False,0.39,3.0,4.5
2023-01-30,碑林区,钟鼓楼,4A,10844,325320,161057.19,486377.19,False,False,0.723,4.2,4.0
2023-01-30,莲湖区,回民街,4A,44819,0,5765022.58,5765022.58,False,False,0.448,3.5,4.1
2023-01-30,莲湖区,西安城墙,5A,31647,1708938,1351789.56,3060727.56,False,False,0.791,2.1,4.1
2023-01-30,新城区,大明宫国家遗址公园,4A,19507,1170420,724077.98,1894497.98,False,False,0.65,3.5,4.0
2023-01-30,雁塔区,小雁塔,4A,7133,213990,115094.26,329084.26,False,False,0.713,4.1,4.3
2023-01-30,雁塔区,大唐芙蓉园,5A,17821,2138520,1650262.23,3788782.23,False,False,0.509,2.2,4.3
2023-01-30,长安区,兵马俑,5A,34075,5111250,3933333.14,9044583.14,False,False,0.524,4.6,4.3
2023-01-30,长安区,华清宫,5A,9672,1160640,855676.46,2016316.46,False,False,0.387,2.6,4.6
2023-01-30,曲江新区,曲江海洋极地公园,4A,14208,2273280,1545751.21,3819031.21,False,False,0.71,2.7,4.0
2023-01-30,曲江新区,大唐不夜城,4A,44088,0,2208455.12,2208455.12,False,False,0.551,3.6,4.6
2023-01-31,碑林区,大雁塔,5A,16152,807600,403027.2,1210627.2,False,False,0.323,2.8,4.7
2023-01-31,碑林区,陕西历史博物馆,4A,7766,0,729831.7,729831.7,False,False,0.388,3.6,4.4
2023-01-31,碑林区,钟鼓楼,4A,10611,318330,126457.74,444787.74,False,False,0.707,2.4,4.7
2023-01-31,莲湖区,回民街,4A,68367,0,3662307.8,3662307.8,False,False,0.684,2.8,4.5
2023-01-31,莲湖区,西安城墙,5A,19699,1063746,348302.86,1412048.86,False,False,0.492,3.5,4.2
2023-01-31,新城区,大明宫国家遗址公园,4A,9952,597120,278896.38,876016.38,False,False,0.332,2.1,4.1
2023-01-31,雁塔区,小雁塔,4A,6789,203670,156965.42,360635.42,False,False,0.679,4.9,4.3
2023-01-31,雁塔区,大唐芙蓉园,5A,11581,1389720,1055513.37,2445233.37,False,False,0.331,3.5,4.4
2023-01-31,长安区,兵马俑,5A,52670,7900500,2500574.77,10401074.77,False,False,0.81,2.5,4.0
2023-01-31,长安区,华清宫,5A,15496,1859520,793836.94,2653356.94,False,False,0.62,2.5,4.1
2023-01-31,曲江新区,曲江海洋极地公园,4A,12028,1924480,907267.29,2831747.29,False,False,0.601,4.0,4.7
2023-01-31,曲江新区,大唐不夜城,4A,47776,0,2730346.22,2730346.22,False,False,0.597,2.0,4.4
2023-02-01,碑林区,大雁塔,5A,27175,1358750,733976.04,2092726.04,False,False,0.543,2.7,4.3
2023-02-01,碑林区,陕西历史博物馆,4A,5863,0,721244.7,721244.7,False,False,0.293,4.5,4.6
2023-02-01,碑林区,钟鼓楼,4A,6054,181620,144434.22,326054.22,False,False,0.404,2.1,4.3
2023-02-01,莲湖区,回民街,4A,71712,0,10176730.18,10176730.18,False,False,0.717,2.1,4.3
2023-02-01,莲湖区,西安城墙,5A,26261,1418094,452651.4,1870745.4,False,False,0.657,2.8,4.4
2023-02-01,新城区,大明宫国家遗址公园,4A,10616,636960,451449.03,1088409.03,False,False,0.354,4.8,4.5
2023-02-01,雁塔区,小雁塔,4A,7409,222270,121675.8,343945.8,False,False,0.741,4.9,4.8
2023-02-01,雁塔区,大唐芙蓉园,5A,18996,2279520,1087983.93,3367503.93,False,False,0.543,3.3,4.3
2023-02-01,长安区,兵马俑,5A,44368,6655200,3634154.36,10289354.36,False,False,0.683,3.4,4.2
2023-02-01,长安区,华清宫,5A,18664,2239680,1622568.49,3862248.49,False,False,0.747,4.9,4.5
2023-02-01,曲江新区,曲江海洋极地公园,4A,14296,2287360,738517.67,3025877.67,False,False,0.715,4.9,4.7
2023-02-01,曲江新区,大唐不夜城,4A,34042,0,2934959.54,2934959.54,False,False,0.426,3.5,4.2
2023-02-02,碑林区,大雁塔,5A,16970,848500,298810.01,1147310.01,False,False,0.339,3.0,4.4
2023-02-02,碑林区,陕西历史博物馆,4A,12687,0,1825816.32,1825816.32,False,False,0.634,4.3,4.4
2023-02-02,碑林区,钟鼓楼,4A,6986,209580,140747.55,350327.55,False,False,0.466,2.4,4.5
2023-02-02,莲湖区,回民街,4A,32807,0,3230528.71,3230528.71,False,False,0.328,4.5,4.6
2023-02-02,莲湖区,西安城墙,5A,13017,702918,543578.91,1246496.91,False,False,0.325,4.1,4.3
2023-02-02,新城区,大明宫国家遗址公园,4A,14384,863040,440903.84,1303943.84,False,False,0.479,3.1,4.0
2023-02-02,雁塔区,小雁塔,4A,3584,107520,47174.27,154694.27,False,False,0.358,2.8,4.9
2023-02-02,雁塔区,大唐芙蓉园,5A,18146,2177520,924752.71,3102272.71,False,False,0.518,3.3,4.4
2023-02-02,长安区,兵马俑,5A,40933,6139950,2988398.56,9128348.56,False,False,0.63,2.5,4.6
2023-02-02,长安区,华清宫,5A,12137,1456440,572482.39,2028922.39,False,False,0.485,4.5,4.5
2023-02-02,曲江新区,曲江海洋极地公园,4A,14617,2338720,1634964.39,3973684.39,False,False,0.731,2.7,4.7
2023-02-02,曲江新区,大唐不夜城,4A,50726,0,4315544.77,4315544.77,False,False,0.634,2.8,4.5
2023-02-03,碑林区,大雁塔,5A,31094,1554700,568526.79,2123226.79,False,False,0.622,2.2,4.5
2023-02-03,碑林区,陕西历史博物馆,4A,12307,0,1216123.91,1216123.91,False,False,0.615,2.0,4.6
2023-02-03,碑林区,钟鼓楼,4A,12197,365910,181454.99,547364.99,False,False,0.813,4.5,4.2
2023-02-03,莲湖区,回民街,4A,63168,0,8611294.84,8611294.84,False,False,0.632,3.1,4.1
2023-02-03,莲湖区,西安城墙,5A,28266,1526364,1173166.05,2699530.05,False,False,0.707,3.0,4.8
2023-02-03,新城区,大明宫国家遗址公园,4A,18857,1131420,875150.83,2006570.83,False,False,0.629,3.1,4.7
2023-02-03,雁塔区,小雁塔,4A,5723,171690,135944.14,307634.14,False,False,0.572,4.0,4.4
2023-02-03,雁塔区,大唐芙蓉园,5A,16926,2031120,1228399.48,3259519.48,False,False,0.484,2.0,4.6
2023-02-03,长安区,兵马俑,5A,31519,4727850,3493670.5,8221520.5,False,False,0.485,4.7,4.6
2023-02-03,长安区,华清宫,5A,8275,993000,334006.12,1327006.12,False,False,0.331,2.8,4.3
2023-02-03,曲江新区,曲江海洋极地公园,4A,11032,1765120,535032.37,2300152.37,False,False,0.552,3.9,4.3
2023-02-03,曲江新区,大唐不夜城,4A,55096,0,7488039.81,7488039.81,False,False,0.689,4.9,4.4
2023-02-04,碑林区,大雁塔,5A,34456,1722800,1219416.35,2942216.35,True,False,0.689,2.0,4.4
2023-02-04,碑林区,陕西历史博物馆,4A,11318,0,1190895.43,1190895.43,True,False,0.566,4.9,4.7
2023-02-04,碑林区,钟鼓楼,4A,5864,175920,68745.92,244665.92,True,False,0.391,3.6,4.5
2023-02-04,莲湖区,回民街,4A,38207,0,3062889.45,3062889.45,True,False,0.382,2.2,4.3
2023-02-04,莲湖区,西安城墙,5A,15825,854550,373055.93,1227605.93,True,False,0.396,5.0,4.6
2023-02-04,新城区,大明宫国家遗址公园,4A,28554,1713240,872017.44,2585257.44,True,False,0.952,4.8,4.4
2023-02-04,雁塔区,小雁塔,4A,8083,242490,136196.78,378686.78,True,False,0.808,3.1,4.4
2023-02-04,雁塔区,大唐芙蓉园,5A,28914,3469680,2593697.88,6063377.88,True,False,0.826,2.1,4.8
2023-02-04,长安区,兵马俑,5A,49518,7427700,2430054.86,9857754.86,True,False,0.762,3.0,4.9
2023-02-04,长安区,华清宫,5A,17662,2119440,684444.75,2803884.75,True,False,0.706,4.3,4.4
2023-02-04,曲江新区,曲江海洋极地公园,4A,18305,2928800,1878000.83,4806800.83,True,False,0.915,4.1,4.2
2023-02-04,曲江新区,大唐不夜城,4A,59545,0,6601543.58,6601543.58,True,False,0.744,3.9,4.3
2023-02-05,碑林区,大雁塔,5A,34729,1736450,995311.67,2731761.67,True,False,0.695,3.9,4.7
2023-02-05,碑林区,陕西历史博物馆,4A,15283,0,1949111.57,1949111.57,True,False,0.764,4.6,4.8
2023-02-05,碑林区,钟鼓楼,4A,7525,225750,90341.95,316091.95,True,False,0.502,3.4,4.5
2023-02-05,莲湖区,回民街,4A,38615,0,3774531.32,3774531.32,True,False,0.386,4.7,4.4
2023-02-05,莲湖区,西安城墙,5A,35635,1924290,686542.22,2610832.22,True,False,0.891,4.7,4.9
2023-02-05,新城区,大明宫国家遗址公园,4A,22894,1373640,506456.72,1880096.72,True,False,0.763,4.2,4.7
2023-02-05,雁塔区,小雁塔,4A,4938,148140,105540.54,253680.54,True,False,0.494,3.3,4.6
2023-02-05,雁塔区,大唐芙蓉园,5A,31585,3790200,2048710.98,5838910.98,True,False,0.902,3.1,4.6
2023-02-05,长安区,兵马俑,5A,38689,5803350,3172071.87,8975421.87,True,False,0.595,3.7,4.4
2023-02-05,长安区,华清宫,5A,10066,1207920,765094.09,1973014.09,True,False,0.403,5.0,4.2
2023-02-05,曲江新区,曲江海洋极地公园,4A,8735,1397600,481615.11,1879215.11,True,False,0.437,4.6,4.6
2023-02-05,曲江新区,大唐不夜城,4A,47423,0,5533048.09,5533048.09,True,False,0.593,3.0,4.3
2023-02-06,碑林区,大雁塔,5A,31043,1552150,1207023.62,2759173.62,False,False,0.621,3.3,4.2
2023-02-06,碑林区,陕西历史博物馆,4A,16016,0,1667470.01,1667470.01,False,False,0.801,2.5,4.3
2023-02-06,碑林区,钟鼓楼,4A,11926,357780,142281.38,500061.38,False,False,0.795,2.6,4.9
2023-02-06,莲湖区,回民街,4A,39955,0,2104101.7,2104101.7,False,False,0.4,2.6,4.7
2023-02-06,莲湖区,西安城墙,5A,30115,1626210,682377.6,2308587.6,False,False,0.753,3.1,4.4
2023-02-06,新城区,大明宫国家遗址公园,4A,25563,1533780,1007516.98,2541296.98,False,False,0.852,2.2,4.4
2023-02-06,雁塔区,小雁塔,4A,7325,219750,133303.56,353053.56,False,False,0.733,2.4,4.3
2023-02-06,雁塔区,大唐芙蓉园,5A,12818,1538160,862889.25,2401049.25,False,False,0.366,3.7,4.4
2023-02-06,长安区,兵马俑,5A,50192,7528800,6004262.64,13533062.64,False,False,0.772,4.8,4.5
2023-02-06,长安区,华清宫,5A,14209,1705080,802281.67,2507361.67,False,False,0.568,3.2,4.5
2023-02-06,曲江新区,曲江海洋极地公园,4A,11454,1832640,722380.45,2555020.45,False,False,0.573,2.4,4.1
2023-02-06,曲江新区,大唐不夜城,4A,73139,0,7764090.35,7764090.35,False,False,0.914,2.8,4.8
2023-02-07,碑林区,大雁塔,5A,20435,1021750,516586.42,1538336.42,False,False,0.409,4.7,4.7
2023-02-07,碑林区,陕西历史博物馆,4A,5852,0,324571.33,324571.33,False,False,0.293,3.5,4.7
2023-02-07,碑林区,钟鼓楼,4A,5973,179190,85765.87,264955.87,False,False,0.398,3.1,4.1
2023-02-07,莲湖区,回民街,4A,24575,0,1784168.65,1784168.65,False,False,0.246,3.7,4.6
2023-02-07,莲湖区,西安城墙,5A,21645,1168830,653322.91,1822152.91,False,False,0.541,2.9,4.7
2023-02-07,新城区,大明宫国家遗址公园,4A,7735,464100,348824.69,812924.69,False,False,0.258,3.6,4.2
2023-02-07,雁塔区,小雁塔,4A,3722,111660,42574.1,154234.1,False,False,0.372,2.2,4.0
2023-02-07,雁塔区,大唐芙蓉园,5A,15862,1903440,860338.86,2763778.86,False,False,0.453,3.6,4.2
2023-02-07,长安区,兵马俑,5A,17304,2595600,1533127.4,4128727.4,False,False,0.266,2.0,4.5
2023-02-07,长安区,华清宫,5A,12612,1513440,843799.8,2357239.8,False,False,0.504,3.1,4.7
2023-02-07,曲江新区,曲江海洋极地公园,4A,7650,1224000,908996.6,2132996.6,False,False,0.383,2.6,4.4
2023-02-07,曲江新区,大唐不夜城,4A,41951,0,5618010.03,5618010.03,False,False,0.524,4.4,4.6
2023-02-08,碑林区,大雁塔,5A,31957,1597850,683854.62,2281704.62,False,False,0.639,3.7,4.7
2023-02-08,碑林区,陕西历史博物馆,4A,16863,0,1425841.97,1425841.97,False,False,0.843,4.5,4.2
2023-02-08,碑林区,钟鼓楼,4A,8242,247260,130779.9,378039.9,False,False,0.549,3.4,4.7
2023-02-08,莲湖区,回民街,4A,37332,0,5328374.25,5328374.25,False,False,0.373,4.8,4.2
2023-02-08,莲湖区,西安城墙,5A,18734,1011636,673625.54,1685261.54,False,False,0.468,3.3,4.7
2023-02-08,新城区,大明宫国家遗址公园,4A,22620,1357200,769727.21,2126927.21,False,False,0.754,3.9,4.7
2023-02-08,雁塔区,小雁塔,4A,3571,107130,49151.63,156281.63,False,False,0.357,3.7,4.8
2023-02-08,雁塔区,大唐芙蓉园,5A,13026,1563120,668949.13,2232069.13,False,False,0.372,3.9,4.8
2023-02-08,长安区,兵马俑,5A,52865,7929750,3162987.23,11092737.23,False,False,0.813,2.5,4.6
2023-02-08,长安区,华清宫,5A,17772,2132640,1165920.1,3298560.1,False,False,0.711,2.6,4.6
2023-02-08,曲江新区,曲江海洋极地公园,4A,15924,2547840,814272.41,3362112.41,False,False,0.796,3.1,4.8
2023-02-08,曲江新区,大唐不夜城,4A,41068,0,4321927.77,4321927.77,False,False,0.513,2.4,4.2
2023-02-09,碑林区,大雁塔,5A,27774,1388700,506186.88,1894886.88,False,False,0.555,2.2,4.9
2023-02-09,碑林区,陕西历史博物馆,4A,13981,0,1337897.67,1337897.67,False,False,0.699,3.8,4.5
2023-02-09,碑林区,钟鼓楼,4A,11327,339810,105497.97,445307.97,False,False,0.755,3.4,4.4
2023-02-09,莲湖区,回民街,4A,58041,0,3389491.9,3389491.9,False,False,0.58,2.7,4.6
2023-02-09,莲湖区,西安城墙,5A,22219,1199826,477847.0,1677673.0,False,False,0.555,3.6,4.2
2023-02-09,新城区,大明宫国家遗址公园,4A,21077,1264620,856337.14,2120957.14,False,False,0.703,3.6,4.5
2023-02-09,雁塔区,小雁塔,4A,7879,236370,109964.28,346334.28,False,False,0.788,4.5,4.8
2023-02-09,雁塔区,大唐芙蓉园,5A,27144,3257280,2288116.08,5545396.08,False,False,0.776,4.2,4.0
2023-02-09,长安区,兵马俑,5A,23639,3545850,1692083.68,5237933.68,False,False,0.364,3.7,4.1
2023-02-09,长安区,华清宫,5A,14212,1705440,795034.83,2500474.83,False,False,0.568,2.3,4.9
2023-02-09,曲江新区,曲江海洋极地公园,4A,8887,1421920,680464.11,2102384.11,False,False,0.444,2.9,4.6
2023-02-09,曲江新区,大唐不夜城,4A,34484,0,2267882.64,2267882.64,False,False,0.431,4.7,4.8
2023-02-10,碑林区,大雁塔,5A,20739,1036950,546405.16,1583355.16,False,False,0.415,3.0,4.1
2023-02-10,碑林区,陕西历史博物馆,4A,7214,0,824808.85,824808.85,False,False,0.361,3.0,4.1
2023-02-10,碑林区,钟鼓楼,4A,6072,182160,56409.63,238569.63,False,False,0.405,5.0,4.3
2023-02-10,莲湖区,回民街,4A,55020,0,7293937.17,7293937.17,False,False,0.55,3.4,4.0
2023-02-10,莲湖区,西安城墙,5A,17259,931986,743106.07,1675092.07,False,False,0.431,3.2,4.5
2023-02-10,新城区,大明宫国家遗址公园,4A,17001,1020060,644285.84,1664345.84,False,False,0.567,4.3,4.4
2023-02-10,雁塔区,小雁塔,4A,5396,161880,92454.05,254334.05,False,False,0.54,4.4,4.6
2023-02-10,雁塔区,大唐芙蓉园,5A,7848,941760,298275.8,1240035.8,False,False,0.224,4.8,4.6
2023-02-10,长安区,兵马俑,5A,19344,2901600,1351076.15,4252676.15,False,False,0.298,3.1,4.1
2023-02-10,长安区,华清宫,5A,10577,1269240,815911.58,2085151.58,False,False,0.423,2.7,4.0
2023-02-10,曲江新区,曲江海洋极地公园,4A,7102,1136320,405705.87,1542025.87,False,False,0.355,4.6,4.2
2023-02-10,曲江新区,大唐不夜城,4A,41752,0,5349810.96,5349810.96,False,False,0.522,3.1,4.4
2023-02-11,碑林区,大雁塔,5A,24975,1248750,424886.74,1673636.74,True,False,0.499,3.8,4.6
2023-02-11,碑林区,陕西历史博物馆,4A,15057,0,1252515.64,1252515.64,True,False,0.753,4.6,4.3
2023-02-11,碑林区,钟鼓楼,4A,15000,450000,163481.23,613481.23,True,False,1.0,3.0,4.7
2023-02-11,莲湖区,回民街,4A,54580,0,3604512.53,3604512.53,True,False,0.546,2.6,4.7
2023-02-11,莲湖区,西安城墙,5A,33226,1794204,608934.04,2403138.04,True,False,0.831,3.4,4.3
2023-02-11,新城区,大明宫国家遗址公园,4A,30000,1800000,1054597.76,2854597.76,True,False,1.0,5.0,4.3
2023-02-11,雁塔区,小雁塔,4A,5630,168900,123966.14,292866.14,True,False,0.563,3.5,4.8
2023-02-11,雁塔区,大唐芙蓉园,5A,23963,2875560,2136106.14,5011666.14,True,False,0.685,2.9,4.4
2023-02-11,长安区,兵马俑,5A,54856,8228400,4236423.44,12464823.44,True,False,0.844,3.9,4.1
2023-02-11,长安区,华清宫,5A,25000,3000000,2017384.5,5017384.5,True,False,1.0,4.1,4.7
2023-02-11,曲江新区,曲江海洋极地公园,4A,12130,1940800,981676.04,2922476.04,True,False,0.607,2.9,4.3
2023-02-11,曲江新区,大唐不夜城,4A,80000,0,9271033.71,9271033.71,True,False,1.0,4.0,4.3
2023-02-12,碑林区,大雁塔,5A,18388,919400,328603.04,1248003.04,True,False,0.368,2.8,4.8
2023-02-12,碑林区,陕西历史博物馆,4A,13991,0,772120.55,772120.55,True,False,0.7,2.9,4.5
2023-02-12,碑林区,钟鼓楼,4A,9458,283740,164670.32,448410.32,True,False,0.631,2.1,4.3
2023-02-12,莲湖区,回民街,4A,66822,0,4271214.79,4271214.79,True,False,0.668,3.9,4.5
2023-02-12,莲湖区,西安城墙,5A,19003,1026162,737232.66,1763394.66,True,False,0.475,3.5,4.5
2023-02-12,新城区,大明宫国家遗址公园,4A,16943,1016580,514387.48,1530967.48,True,False,0.565,2.9,4.7
2023-02-12,雁塔区,小雁塔,4A,6630,198900,91498.63,290398.63,True,False,0.663,4.6,4.5
2023-02-12,雁塔区,大唐芙蓉园,5A,21028,2523360,1941609.21,4464969.21,True,False,0.601,2.2,4.9
2023-02-12,长安区,兵马俑,5A,37012,5551800,3261006.51,8812806.51,True,False,0.569,3.1,4.3
2023-02-12,长安区,华清宫,5A,20078,2409360,1196400.47,3605760.47,True,False,0.803,3.5,4.8
2023-02-12,曲江新区,曲江海洋极地公园,4A,15275,2444000,1571173.12,4015173.12,True,False,0.764,4.3,4.2
2023-02-12,曲江新区,大唐不夜城,4A,69022,0,3837868.06,3837868.06,True,False,0.863,3.6,4.6
2023-02-13,碑林区,大雁塔,5A,43963,2198150,1160436.03,3358586.03,False,False,0.879,2.6,4.5
2023-02-13,碑林区,陕西历史博物馆,4A,16893,0,1524690.84,1524690.84,False,False,0.845,4.3,4.5
2023-02-13,碑林区,钟鼓楼,4A,6423,192690,124945.08,317635.08,False,False,0.428,2.9,4.4
2023-02-13,莲湖区,回民街,4A,75823,0,4318121.49,4318121.49,False,False,0.758,2.4,4.3
2023-02-13,莲湖区,西安城墙,5A,30609,1652886,1195039.48,2847925.48,False,False,0.765,2.9,4.7
2023-02-13,新城区,大明宫国家遗址公园,4A,16514,990840,684662.05,1675502.05,False,False,0.55,3.6,4.2
2023-02-13,雁塔区,小雁塔,4A,5313,159390,100884.03,260274.03,False,False,0.531,2.7,4.1
2023-02-13,雁塔区,大唐芙蓉园,5A,20098,2411760,1906573.99,4318333.99,False,False,0.574,4.4,4.1
2023-02-13,长安区,兵马俑,5A,47844,7176600,2689219.92,9865819.92,False,False,0.736,2.0,4.8
2023-02-13,长安区,华清宫,5A,11558,1386960,631662.84,2018622.84,False,False,0.462,3.5,4.5
2023-02-13,曲江新区,曲江海洋极地公园,4A,16276,2604160,1419873.57,4024033.57,False,False,0.814,2.7,4.1
2023-02-13,曲江新区,大唐不夜城,4A,60622,0,4341111.29,4341111.29,False,False,0.758,2.8,4.2
2023-02-14,碑林区,大雁塔,5A,28817,1440850,683940.81,2124790.81,False,False,0.576,3.8,4.1
2023-02-14,碑林区,陕西历史博物馆,4A,11234,0,1392880.0,1392880.0,False,False,0.562,3.0,4.4
2023-02-14,碑林区,钟鼓楼,4A,7225,216750,160094.78,376844.78,False,False,0.482,2.7,4.8
2023-02-14,莲湖区,回民街,4A,53110,0,5869158.17,5869158.17,False,False,0.531,3.2,4.3
2023-02-14,莲湖区,西安城墙,5A,20418,1102572,484619.79,1587191.79,False,False,0.51,4.0,4.5
2023-02-14,新城区,大明宫国家遗址公园,4A,14316,858960,628059.16,1487019.16,False,False,0.477,4.4,4.1
2023-02-14,雁塔区,小雁塔,4A,5556,166680,113876.98,280556.98,False,False,0.556,2.9,4.2
2023-02-14,雁塔区,大唐芙蓉园,5A,15345,1841400,1284101.99,3125501.99,False,False,0.438,2.8,4.8
2023-02-14,长安区,兵马俑,5A,22326,3348900,1960979.36,5309879.36,False,False,0.343,4.3,4.7
2023-02-14,长安区,华清宫,5A,9974,1196880,604131.39,1801011.39,False,False,0.399,2.8,4.1
2023-02-14,曲江新区,曲江海洋极地公园,4A,8411,1345760,432227.89,1777987.89,False,False,0.421,2.4,4.7
2023-02-14,曲江新区,大唐不夜城,4A,39331,0,2009363.83,2009363.83,False,False,0.492,4.0,4.5
2023-02-15,碑林区,大雁塔,5A,36133,1806650,1341417.05,3148067.05,False,False,0.723,3.2,4.3
2023-02-15,碑林区,陕西历史博物馆,4A,12749,0,1716446.19,1716446.19,False,False,0.637,4.6,4.3
2023-02-15,碑林区,钟鼓楼,4A,12010,360300,194327.8,554627.8,False,False,0.801,3.1,4.0
2023-02-15,莲湖区,回民街,4A,38485,0,2155189.81,2155189.81,False,False,0.385,4.7,4.2
2023-02-15,莲湖区,西安城墙,5A,19286,1041444,438904.2,1480348.2,False,False,0.482,3.7,4.4
2023-02-15,新城区,大明宫国家遗址公园,4A,19175,1150500,745292.21,1895792.21,False,False,0.639,4.6,4.5
2023-02-15,雁塔区,小雁塔,4A,7594,227820,128881.67,356701.67,False,False,0.759,4.7,4.5
2023-02-15,雁塔区,大唐芙蓉园,5A,20763,2491560,1372741.01,3864301.01,False,False,0.593,2.5,4.4
2023-02-15,长安区,兵马俑,5A,39854,5978100,4159642.41,10137742.41,False,False,0.613,3.5,4.7
2023-02-15,长安区,华清宫,5A,14366,1723920,1174255.22,2898175.22,False,False,0.575,2.4,4.4
2023-02-15,曲江新区,曲江海洋极地公园,4A,11672,1867520,1455796.95,3323316.95,False,False,0.584,2.4,4.1
2023-02-15,曲江新区,大唐不夜城,4A,37481,0,5445113.64,5445113.64,False,False,0.469,3.8,4.3
2023-02-16,碑林区,大雁塔,5A,29610,1480500,826899.33,2307399.33,False,False,0.592,2.1,4.6
2023-02-16,碑林区,陕西历史博物馆,4A,7866,0,485263.72,485263.72,False,False,0.393,3.4,4.2
2023-02-16,碑林区,钟鼓楼,4A,6294,188820,121846.89,310666.89,False,False,0.42,4.7,4.4
2023-02-16,莲湖区,回民街,4A,49838,0,2661749.57,2661749.57,False,False,0.498,2.0,4.0
2023-02-16,莲湖区,西安城墙,5A,20350,1098900,392770.48,1491670.48,False,False,0.509,4.2,4.6
2023-02-16,新城区,大明宫国家遗址公园,4A,15864,951840,456843.64,1408683.64,False,False,0.529,4.4,4.7
2023-02-16,雁塔区,小雁塔,4A,3265,97950,56711.58,154661.58,False,False,0.327,2.7,4.2
2023-02-16,雁塔区,大唐芙蓉园,5A,20052,2406240,725789.32,3132029.32,False,False,0.573,4.2,4.1
2023-02-16,长安区,兵马俑,5A,17939,2690850,1739588.08,4430438.08,False,False,0.276,3.7,4.0
2023-02-16,长安区,华清宫,5A,6824,818880,522467.21,1341347.21,False,False,0.273,3.3,4.3
2023-02-16,曲江新区,曲江海洋极地公园,4A,10623,1699680,806845.42,2506525.42,False,False,0.531,2.7,4.5
2023-02-16,曲江新区,大唐不夜城,4A,43449,0,4688075.52,4688075.52,False,False,0.543,3.6,4.8
2023-02-17,碑林区,大雁塔,5A,24846,1242300,909745.06,2152045.06,False,False,0.497,2.5,4.8
2023-02-17,碑林区,陕西历史博物馆,4A,11609,0,942267.59,942267.59,False,False,0.58,4.4,4.3
2023-02-17,碑林区,钟鼓楼,4A,5778,173340,62888.27,236228.27,False,False,0.385,2.9,4.7
2023-02-17,莲湖区,回民街,4A,33585,0,3769963.62,3769963.62,False,False,0.336,2.3,4.5
2023-02-17,莲湖区,西安城墙,5A,15312,826848,411572.01,1238420.01,False,False,0.383,3.1,4.9
2023-02-17,新城区,大明宫国家遗址公园,4A,11643,698580,304339.92,1002919.92,False,False,0.388,2.1,4.1
2023-02-17,雁塔区,小雁塔,4A,4392,131760,74010.97,205770.97,False,False,0.439,3.9,4.6
2023-02-17,雁塔区,大唐芙蓉园,5A,21908,2628960,1228172.74,3857132.74,False,False,0.626,4.1,4.6
2023-02-17,长安区,兵马俑,5A,40226,6033900,3415722.31,9449622.31,False,False,0.619,4.6,4.4
2023-02-17,长安区,华清宫,5A,7619,914280,473847.1,1388127.1,False,False,0.305,2.4,4.6
2023-02-17,曲江新区,曲江海洋极地公园,4A,10630,1700800,557555.9,2258355.9,False,False,0.531,2.6,4.4
2023-02-17,曲江新区,大唐不夜城,4A,55211,0,6332060.59,6332060.59,False,False,0.69,4.8,4.1
2023-02-18,碑林区,大雁塔,5A,19045,952250,710525.22,1662775.22,True,False,0.381,2.2,4.5
2023-02-18,碑林区,陕西历史博物馆,4A,17237,0,1627133.11,1627133.11,True,False,0.862,4.7,4.5
2023-02-18,碑林区,钟鼓楼,4A,9398,281940,102614.72,384554.72,True,False,0.627,4.8,4.2
2023-02-18,莲湖区,回民街,4A,73718,0,8263223.57,8263223.57,True,False,0.737,2.8,4.7
2023-02-18,莲湖区,西安城墙,5A,29124,1572696,847855.86,2420551.86,True,False,0.728,2.7,4.9
2023-02-18,新城区,大明宫国家遗址公园,4A,24316,1458960,1079596.77,2538556.77,True,False,0.811,2.1,4.7
2023-02-18,雁塔区,小雁塔,4A,5033,150990,119852.45,270842.45,True,False,0.503,4.8,4.7
2023-02-18,雁塔区,大唐芙蓉园,5A,22597,2711640,931974.42,3643614.42,True,False,0.646,4.8,4.8
2023-02-18,长安区,兵马俑,5A,46796,7019400,4347341.03,11366741.03,True,False,0.72,2.0,4.0
2023-02-18,长安区,华清宫,5A,14636,1756320,606527.17,2362847.17,True,False,0.585,2.4,4.6
2023-02-18,曲江新区,曲江海洋极地公园,4A,10625,1700000,1011365.43,2711365.43,True,False,0.531,3.1,4.2
2023-02-18,曲江新区,大唐不夜城,4A,29485,0,2592806.08,2592806.08,True,False,0.369,3.5,4.1
2023-02-19,碑林区,大雁塔,5A,32111,1605550,746579.11,2352129.11,True,False,0.642,2.9,4.2
2023-02-19,碑林区,陕西历史博物馆,4A,10688,0,1054544.53,1054544.53,True,False,0.534,3.6,4.6
2023-02-19,碑林区,钟鼓楼,4A,10661,319830,131029.27,450859.27,True,False,0.711,4.6,4.2
2023-02-19,莲湖区,回民街,4A,38274,0,2171910.88,2171910.88,True,False,0.383,4.2,4.2
2023-02-19,莲湖区,西安城墙,5A,15708,848232,506256.67,1354488.67,True,False,0.393,4.0,4.2
2023-02-19,新城区,大明宫国家遗址公园,4A,16787,1007220,364870.56,1372090.56,True,False,0.56,4.0,4.3
2023-02-19,雁塔区,小雁塔,4A,6520,195600,124386.39,319986.39,True,False,0.652,3.9,4.2
2023-02-19,雁塔区,大唐芙蓉园,5A,18802,2256240,1260602.88,3516842.88,True,False,0.537,4.6,4.8
2023-02-19,长安区,兵马俑,5A,33332,4999800,3129261.02,8129061.02,True,False,0.513,4.2,4.6
2023-02-19,长安区,华清宫,5A,17067,2048040,1595091.81,3643131.81,True,False,0.683,4.4,4.4
2023-02-19,曲江新区,曲江海洋极地公园,4A,16152,2584320,1411444.29,3995764.29,True,False,0.808,4.4,4.1
2023-02-19,曲江新区,大唐不夜城,4A,61947,0,8431212.66,8431212.66,True,False,0.774,2.6,4.6
2023-02-20,碑林区,大雁塔,5A,19403,970150,453012.48,1423162.48,False,False,0.388,5.0,4.8
2023-02-20,碑林区,陕西历史博物馆,4A,15286,0,1530492.16,1530492.16,False,False,0.764,2.4,4.8
2023-02-20,碑林区,钟鼓楼,4A,10581,317430,230819.38,548249.38,False,False,0.705,4.7,4.0
2023-02-20,莲湖区,回民街,4A,78421,0,9385167.82,9385167.82,False,False,0.784,2.3,4.0
2023-02-20,莲湖区,西安城墙,5A,25645,1384830,509219.57,1894049.57,False,False,0.641,3.0,4.8
2023-02-20,新城区,大明宫国家遗址公园,4A,18002,1080120,682181.55,1762301.55,False,False,0.6,2.8,4.2
2023-02-20,雁塔区,小雁塔,4A,4146,124380,57448.99,181828.99,False,False,0.415,4.8,4.6
2023-02-20,雁塔区,大唐芙蓉园,5A,15459,1855080,1349779.02,3204859.02,False,False,0.442,4.6,4.5
2023-02-20,长安区,兵马俑,5A,47982,7197300,4208404.58,11405704.58,False,False,0.738,5.0,4.5
2023-02-20,长安区,华清宫,5A,17352,2082240,1607875.49,3690115.49,False,False,0.694,2.6,4.3
2023-02-20,曲江新区,曲江海洋极地公园,4A,9141,1462560,470886.39,1933446.39,False,False,0.457,2.3,4.2
2023-02-20,曲江新区,大唐不夜城,4A,62020,0,6947580.55,6947580.55,False,False,0.775,2.9,4.5
2023-02-21,碑林区,大雁塔,5A,13130,656500,500443.08,1156943.08,False,False,0.263,2.4,4.6
2023-02-21,碑林区,陕西历史博物馆,4A,7037,0,491069.34,491069.34,False,False,0.352,4.5,4.6
2023-02-21,碑林区,钟鼓楼,4A,5483,164490,87610.15,252100.15,False,False,0.366,3.7,4.8
2023-02-21,莲湖区,回民街,4A,39431,0,3085131.05,3085131.05,False,False,0.394,2.4,4.0
2023-02-21,莲湖区,西安城墙,5A,23451,1266354,760022.22,2026376.22,False,False,0.586,4.5,4.6
2023-02-21,新城区,大明宫国家遗址公园,4A,12629,757740,268664.35,1026404.35,False,False,0.421,3.2,4.3
2023-02-21,雁塔区,小雁塔,4A,4360,130800,74168.34,204968.34,False,False,0.436,3.1,4.5
2023-02-21,雁塔区,大唐芙蓉园,5A,17348,2081760,1065036.55,3146796.55,False,False,0.496,4.8,4.3
2023-02-21,长安区,兵马俑,5A,29325,4398750,3308917.33,7707667.33,False,False,0.451,3.0,4.8
2023-02-21,长安区,华清宫,5A,11740,1408800,819901.09,2228701.09,False,False,0.47,3.3,4.3
2023-02-21,曲江新区,曲江海洋极地公园,4A,8131,1300960,699038.7,1999998.7,False,False,0.407,2.1,4.1
2023-02-21,曲江新区,大唐不夜城,4A,52367,0,6426650.56,6426650.56,False,False,0.655,2.8,4.3
2023-02-22,碑林区,大雁塔,5A,18706,935300,730136.66,1665436.66,False,False,0.374,2.3,4.6
2023-02-22,碑林区,陕西历史博物馆,4A,6582,0,430270.95,430270.95,False,False,0.329,2.5,4.8
2023-02-22,碑林区,钟鼓楼,4A,4908,147240,86726.41,233966.41,False,False,0.327,4.5,4.5
2023-02-22,莲湖区,回民街,4A,29844,0,2997627.98,2997627.98,False,False,0.298,4.0,4.3
2023-02-22,莲湖区,西安城墙,5A,13238,714852,482679.36,1197531.36,False,False,0.331,3.7,4.7
2023-02-22,新城区,大明宫国家遗址公园,4A,7026,421560,311271.13,732831.13,False,False,0.234,3.1,4.2
2023-02-22,雁塔区,小雁塔,4A,2952,88560,27345.99,115905.99,False,False,0.295,2.4,4.1
2023-02-22,雁塔区,大唐芙蓉园,5A,17360,2083200,1521654.34,3604854.34,False,False,0.496,5.0,4.7
2023-02-22,长安区,兵马俑,5A,31468,4720200,3337890.3,8058090.3,False,False,0.484,2.7,4.4
2023-02-22,长安区,华清宫,5A,12846,1541520,896048.96,2437568.96,False,False,0.514,4.9,4.6
2023-02-22,曲江新区,曲江海洋极地公园,4A,7156,1144960,707369.41,1852329.41,False,False,0.358,4.3,4.4
2023-02-22,曲江新区,大唐不夜城,4A,26353,0,3464338.6,3464338.6,False,False,0.329,4.4,4.2
2023-02-23,碑林区,大雁塔,5A,21670,1083500,761547.03,1845047.03,False,False,0.433,4.2,4.5
2023-02-23,碑林区,陕西历史博物馆,4A,9663,0,514116.63,514116.63,False,False,0.483,2.8,4.3
2023-02-23,碑林区,钟鼓楼,4A,11709,351270,195116.13,546386.13,False,False,0.781,3.9,4.1
2023-02-23,莲湖区,回民街,4A,61303,0,4169558.62,4169558.62,False,False,0.613,4.4,4.4
2023-02-23,莲湖区,西安城墙,5A,18596,1004184,495606.85,1499790.85,False,False,0.465,3.8,4.3
2023-02-23,新城区,大明宫国家遗址公园,4A,9907,594420,216022.97,810442.97,False,False,0.33,2.1,4.2
2023-02-23,雁塔区,小雁塔,4A,5766,172980,87559.32,260539.32,False,False,0.577,2.1,4.2
2023-02-23,雁塔区,大唐芙蓉园,5A,27835,3340200,1837010.1,5177210.1,False,False,0.795,2.7,4.2
2023-02-23,长安区,兵马俑,5A,39286,5892900,2984074.85,8876974.85,False,False,0.604,4.6,4.3
2023-02-23,长安区,华清宫,5A,11756,1410720,613475.65,2024195.65,False,False,0.47,2.3,4.9
2023-02-23,曲江新区,曲江海洋极地公园,4A,6880,1100800,648380.99,1749180.99,False,False,0.344,2.8,4.1
2023-02-23,曲江新区,大唐不夜城,4A,30252,0,2364426.88,2364426.88,False,False,0.378,3.1,4.2
2023-02-24,碑林区,大雁塔,5A,27165,1358250,571735.61,1929985.61,False,False,0.543,2.3,4.4
2023-02-24,碑林区,陕西历史博物馆,4A,8311,0,1080970.23,1080970.23,False,False,0.416,4.3,4.1
2023-02-24,碑林区,钟鼓楼,4A,4633,138990,100191.7,239181.7,False,False,0.309,4.3,4.8
2023-02-24,莲湖区,回民街,4A,42197,0,5971054.12,5971054.12,False,False,0.422,4.8,4.0
2023-02-24,莲湖区,西安城墙,5A,29314,1582956,954515.38,2537471.38,False,False,0.733,4.9,4.5
2023-02-24,新城区,大明宫国家遗址公园,4A,15932,955920,689622.49,1645542.49,False,False,0.531,3.6,4.1
2023-02-24,雁塔区,小雁塔,4A,4108,123240,69248.32,192488.32,False,False,0.411,4.3,4.6
2023-02-24,雁塔区,大唐芙蓉园,5A,23484,2818080,1303056.56,4121136.56,False,False,0.671,5.0,4.7
2023-02-24,长安区,兵马俑,5A,23412,3511800,1828449.07,5340249.07,False,False,0.36,3.0,4.1
2023-02-24,长安区,华清宫,5A,15263,1831560,1055905.6,2887465.6,False,False,0.611,4.4,4.1
2023-02-24,曲江新区,曲江海洋极地公园,4A,9553,1528480,600768.08,2129248.08,False,False,0.478,4.5,4.4
2023-02-24,曲江新区,大唐不夜城,4A,51974,0,7466500.64,7466500.64,False,False,0.65,2.9,4.4
2023-02-25,碑林区,大雁塔,5A,43683,2184150,936437.03,3120587.03,True,False,0.874,3.6,4.7
2023-02-25,碑林区,陕西历史博物馆,4A,20000,0,2895875.15,2895875.15,True,False,1.0,3.9,4.0
2023-02-25,碑林区,钟鼓楼,4A,15000,450000,331633.68,781633.68,True,False,1.0,3.8,4.5
2023-02-25,莲湖区,回民街,4A,100000,0,8356370.51,8356370.51,True,False,1.0,3.5,4.6
2023-02-25,莲湖区,西安城墙,5A,40000,2160000,1097374.16,3257374.16,True,False,1.0,4.4,4.7
2023-02-25,新城区,大明宫国家遗址公园,4A,30000,1800000,1158319.56,2958319.56,True,False,1.0,4.4,4.3
2023-02-25,雁塔区,小雁塔,4A,10000,300000,102996.64,402996.64,True,False,1.0,4.5,4.3
2023-02-25,雁塔区,大唐芙蓉园,5A,19221,2306520,1232233.25,3538753.25,True,False,0.549,2.3,4.3
2023-02-25,长安区,兵马俑,5A,58617,8792550,3343644.51,12136194.51,True,False,0.902,3.3,4.1
2023-02-25,长安区,华清宫,5A,25000,3000000,2396632.94,5396632.94,True,False,1.0,2.3,4.3
2023-02-25,曲江新区,曲江海洋极地公园,4A,20000,3200000,2537760.1,5737760.1,True,False,1.0,4.8,4.1
2023-02-25,曲江新区,大唐不夜城,4A,80000,0,8722971.2,8722971.2,True,False,1.0,2.5,4.0
2023-02-26,碑林区,大雁塔,5A,44554,2227700,1428870.22,3656570.22,True,False,0.891,3.2,4.0
2023-02-26,碑林区,陕西历史博物馆,4A,17265,0,2345476.57,2345476.57,True,False,0.863,4.9,4.1
2023-02-26,碑林区,钟鼓楼,4A,9306,279180,133469.78,412649.78,True,False,0.62,4.7,4.7
2023-02-26,莲湖区,回民街,4A,58831,0,4653081.39,4653081.39,True,False,0.588,4.2,4.4
2023-02-26,莲湖区,西安城墙,5A,30326,1637604,997849.17,2635453.17,True,False,0.758,2.3,4.4
2023-02-26,新城区,大明宫国家遗址公园,4A,12758,765480,314909.86,1080389.86,True,False,0.425,3.6,4.8
2023-02-26,雁塔区,小雁塔,4A,6697,200910,79077.83,279987.83,True,False,0.67,3.2,4.9
2023-02-26,雁塔区,大唐芙蓉园,5A,31874,3824880,1343729.81,5168609.81,True,False,0.911,2.8,4.3
2023-02-26,长安区,兵马俑,5A,39611,5941650,4254903.79,10196553.79,True,False,0.609,4.5,4.8
2023-02-26,长安区,华清宫,5A,22364,2683680,1562410.79,4246090.79,True,False,0.895,3.9,4.1
2023-02-26,曲江新区,曲江海洋极地公园,4A,9879,1580640,1092943.6,2673583.6,True,False,0.494,2.8,4.7
2023-02-26,曲江新区,大唐不夜城,4A,44136,0,2585922.79,2585922.79,True,False,0.552,3.6,4.4
2023-02-27,碑林区,大雁塔,5A,34518,1725900,874389.64,2600289.64,False,False,0.69,4.2,4.1
2023-02-27,碑林区,陕西历史博物馆,4A,9611,0,715598.07,715598.07,False,False,0.481,4.1,4.5
2023-02-27,碑林区,钟鼓楼,4A,7352,220560,145216.09,365776.09,False,False,0.49,2.1,4.3
2023-02-27,莲湖区,回民街,4A,57429,0,3923564.7,3923564.7,False,False,0.574,3.6,4.6
2023-02-27,莲湖区,西安城墙,5A,14807,799578,639620.57,1439198.57,False,False,0.37,3.7,4.7
2023-02-27,新城区,大明宫国家遗址公园,4A,19590,1175400,465384.99,1640784.99,False,False,0.653,2.4,4.7
2023-02-27,雁塔区,小雁塔,4A,5430,162900,122553.26,285453.26,False,False,0.543,2.4,4.1
2023-02-27,雁塔区,大唐芙蓉园,5A,19956,2394720,1542581.53,3937301.53,False,False,0.57,3.8,4.1
2023-02-27,长安区,兵马俑,5A,44415,6662250,2113266.78,8775516.78,False,False,0.683,2.3,4.5
2023-02-27,长安区,华清宫,5A,16752,2010240,1523461.37,3533701.37,False,False,0.67,3.5,4.0
2023-02-27,曲江新区,曲江海洋极地公园,4A,13986,2237760,1438990.28,3676750.28,False,False,0.699,4.1,4.9
2023-02-27,曲江新区,大唐不夜城,4A,25558,0,3766974.08,3766974.08,False,False,0.319,4.0,4.2
2023-02-28,碑林区,大雁塔,5A,15323,766150,389518.2,1155668.2,False,False,0.306,3.2,4.5
2023-02-28,碑林区,陕西历史博物馆,4A,7012,0,447348.35,447348.35,False,False,0.351,4.3,4.6
2023-02-28,碑林区,钟鼓楼,4A,4365,130950,83500.16,214450.16,False,False,0.291,3.5,4.3
2023-02-28,莲湖区,回民街,4A,62969,0,9256061.25,9256061.25,False,False,0.63,4.3,4.3
2023-02-28,莲湖区,西安城墙,5A,23151,1250154,595277.51,1845431.51,False,False,0.579,3.7,4.1
2023-02-28,新城区,大明宫国家遗址公园,4A,21324,1279440,553938.39,1833378.39,False,False,0.711,4.4,4.6
2023-02-28,雁塔区,小雁塔,4A,5846,175380,86630.6,262010.6,False,False,0.585,4.8,4.2
2023-02-28,雁塔区,大唐芙蓉园,5A,18047,2165640,1491294.9,3656934.9,False,False,0.516,3.5,4.9
2023-02-28,长安区,兵马俑,5A,35936,5390400,2868230.88,8258630.88,False,False,0.553,2.4,4.0
2023-02-28,长安区,华清宫,5A,16256,1950720,813187.12,2763907.12,False,False,0.65,3.4,4.7
2023-02-28,曲江新区,曲江海洋极地公园,4A,10195,1631200,1202761.13,2833961.13,False,False,0.51,2.2,4.5
2023-02-28,曲江新区,大唐不夜城,4A,56865,0,3417515.81,3417515.81,False,False,0.711,4.4,4.7
2023-03-01,碑林区,大雁塔,5A,20077,1003850,740789.67,1744639.67,False,False,0.402,2.5,4.7
2023-03-01,碑林区,陕西历史博物馆,4A,15452,0,1087218.19,1087218.19,False,False,0.773,2.9,4.2
2023-03-01,碑林区,钟鼓楼,4A,12242,367260,273026.73,640286.73,False,False,0.816,2.4,4.0
2023-03-01,莲湖区,回民街,4A,76880,0,11001823.62,11001823.62,False,False,0.769,3.8,4.7
2023-03-01,莲湖区,西安城墙,5A,14847,801738,323263.78,1125001.78,False,False,0.371,2.1,4.7
2023-03-01,新城区,大明宫国家遗址公园,4A,14156,849360,494782.99,1344142.99,False,False,0.472,3.6,4.5
2023-03-01,雁塔区,小雁塔,4A,4147,124410,54783.7,179193.7,False,False,0.415,2.6,4.0
2023-03-01,雁塔区,大唐芙蓉园,5A,12253,1470360,682876.47,2153236.47,False,False,0.35,4.0,4.7
2023-03-01,长安区,兵马俑,5A,47758,7163700,5673243.64,12836943.64,False,False,0.735,3.0,4.8
2023-03-01,长安区,华清宫,5A,18005,2160600,1676761.78,3837361.78,False,False,0.72,4.7,4.1
2023-03-01,曲江新区,曲江海洋极地公园,4A,12224,1955840,1073060.21,3028900.21,False,False,0.611,3.3,4.3
2023-03-01,曲江新区,大唐不夜城,4A,60606,0,3838513.05,3838513.05,False,False,0.758,3.7,4.6
2023-03-02,碑林区,大雁塔,5A,21518,1075900,596845.87,1672745.87,False,False,0.43,2.2,4.1
2023-03-02,碑林区,陕西历史博物馆,4A,13387,0,1978418.8,1978418.8,False,False,0.669,2.1,4.3
2023-03-02,碑林区,钟鼓楼,4A,9086,272580,217983.33,490563.33,False,False,0.606,4.6,4.8
2023-03-02,莲湖区,回民街,4A,54929,0,3352420.05,3352420.05,False,False,0.549,4.7,4.8
2023-03-02,莲湖区,西安城墙,5A,20124,1086696,537611.45,1624307.45,False,False,0.503,3.8,4.2
2023-03-02,新城区,大明宫国家遗址公园,4A,15230,913800,349134.62,1262934.62,False,False,0.508,4.5,4.3
2023-03-02,雁塔区,小雁塔,4A,4263,127890,82509.47,210399.47,False,False,0.426,3.3,4.2
2023-03-02,雁塔区,大唐芙蓉园,5A,28819,3458280,1713082.67,5171362.67,False,False,0.823,4.9,4.8
2023-03-02,长安区,兵马俑,5A,34803,5220450,3021373.41,8241823.41,False,False,0.535,4.4,4.7
2023-03-02,长安区,华清宫,5A,22452,2694240,1711261.39,4405501.39,False,False,0.898,2.1,4.2
2023-03-02,曲江新区,曲江海洋极地公园,4A,12112,1937920,1483214.68,3421134.68,False,False,0.606,4.9,4.6
2023-03-02,曲江新区,大唐不夜城,4A,72180,0,5575270.42,5575270.42,False,False,0.902,2.8,4.1
2023-03-03,碑林区,大雁塔,5A,19654,982700,553520.79,1536220.79,False,False,0.393,4.5,4.8
2023-03-03,碑林区,陕西历史博物馆,4A,12927,0,1523541.44,1523541.44,False,False,0.646,3.3,4.8
2023-03-03,碑林区,钟鼓楼,4A,5708,171240,93328.28,264568.28,False,False,0.381,2.7,4.8
2023-03-03,莲湖区,回民街,4A,55360,0,7144868.99,7144868.99,False,False,0.554,4.4,4.2
2023-03-03,莲湖区,西安城墙,5A,17142,925668,520120.21,1445788.21,False,False,0.429,2.4,4.1
2023-03-03,新城区,大明宫国家遗址公园,4A,11245,674700,477206.51,1151906.51,False,False,0.375,3.2,4.3
2023-03-03,雁塔区,小雁塔,4A,2610,78300,25248.48,103548.48,False,False,0.261,4.3,4.1
2023-03-03,雁塔区,大唐芙蓉园,5A,10359,1243080,667932.69,1911012.69,False,False,0.296,4.4,4.5
2023-03-03,长安区,兵马俑,5A,23619,3542850,2780732.76,6323582.76,False,False,0.363,4.3,4.9
2023-03-03,长安区,华清宫,5A,12124,1454880,922542.53,2377422.53,False,False,0.485,4.9,4.3
2023-03-03,曲江新区,曲江海洋极地公园,4A,11394,1823040,723573.43,2546613.43,False,False,0.57,3.1,4.4
2023-03-03,曲江新区,大唐不夜城,4A,41929,0,4955713.01,4955713.01,False,False,0.524,4.6,4.2
2023-03-04,碑林区,大雁塔,5A,50000,2500000,1547813.39,4047813.39,True,False,1.0,3.9,4.7
2023-03-04,碑林区,陕西历史博物馆,4A,16170,0,1774481.51,1774481.51,True,False,0.808,2.4,4.7
2023-03-04,碑林区,钟鼓楼,4A,11156,334680,126864.4,461544.4,True,False,0.744,4.3,4.6
2023-03-04,莲湖区,回民街,4A,100000,0,8642156.93,8642156.93,True,False,1.0,3.8,4.2
2023-03-04,莲湖区,西安城墙,5A,32844,1773576,1215228.92,2988804.92,True,False,0.821,2.0,4.3
2023-03-04,新城区,大明宫国家遗址公园,4A,30000,1800000,1210833.04,3010833.04,True,False,1.0,2.1,4.2
2023-03-04,雁塔区,小雁塔,4A,9144,274320,180006.64,454326.64,True,False,0.914,4.6,4.7
2023-03-04,雁塔区,大唐芙蓉园,5A,26109,3133080,1653465.5,4786545.5,True,False,0.746,2.2,4.9
2023-03-04,长安区,兵马俑,5A,65000,9750000,4894203.74,14644203.74,True,False,1.0,4.9,4.5
2023-03-04,长安区,华清宫,5A,13242,1589040,548349.74,2137389.74,True,False,0.53,4.7,4.1
2023-03-04,曲江新区,曲江海洋极地公园,4A,11274,1803840,574699.38,2378539.38,True,False,0.564,3.7,4.5
2023-03-04,曲江新区,大唐不夜城,4A,55869,0,7274018.04,7274018.04,True,False,0.698,3.1,4.5
2023-03-05,碑林区,大雁塔,5A,47447,2372350,1731593.99,4103943.99,True,False,0.949,2.5,4.2
2023-03-05,碑林区,陕西历史博物馆,4A,20000,0,2697998.49,2697998.49,True,False,1.0,2.6,4.7
2023-03-05,碑林区,钟鼓楼,4A,15000,450000,283827.05,733827.05,True,False,1.0,3.5,4.6
2023-03-05,莲湖区,回民街,4A,100000,0,14967946.35,14967946.35,True,False,1.0,2.7,4.6
2023-03-05,莲湖区,西安城墙,5A,40000,2160000,695910.75,2855910.75,True,False,1.0,2.6,4.1
2023-03-05,新城区,大明宫国家遗址公园,4A,30000,1800000,815583.47,2615583.47,True,False,1.0,4.7,4.1
2023-03-05,雁塔区,小雁塔,4A,10000,300000,190808.94,490808.94,True,False,1.0,4.5,4.8
2023-03-05,雁塔区,大唐芙蓉园,5A,35000,4200000,3001798.12,7201798.12,True,False,1.0,2.4,4.7
2023-03-05,长安区,兵马俑,5A,60738,9110700,5235329.45,14346029.45,True,False,0.934,2.9,4.2
2023-03-05,长安区,华清宫,5A,18399,2207880,859801.64,3067681.64,True,False,0.736,4.4,4.0
2023-03-05,曲江新区,曲江海洋极地公园,4A,20000,3200000,1422432.43,4622432.43,True,False,1.0,3.4,4.8
2023-03-05,曲江新区,大唐不夜城,4A,48695,0,4556831.36,4556831.36,True,False,0.609,2.7,4.4
2023-03-06,碑林区,大雁塔,5A,23573,1178650,584058.63,1762708.63,False,False,0.471,2.9,4.6
2023-03-06,碑林区,陕西历史博物馆,4A,9989,0,648168.01,648168.01,False,False,0.499,2.4,4.5
2023-03-06,碑林区,钟鼓楼,4A,7334,220020,94242.04,314262.04,False,False,0.489,4.0,4.7
2023-03-06,莲湖区,回民街,4A,36639,0,2274448.58,2274448.58,False,False,0.366,4.1,4.1
2023-03-06,莲湖区,西安城墙,5A,28179,1521666,703536.29,2225202.29,False,False,0.704,2.2,4.6
2023-03-06,新城区,大明宫国家遗址公园,4A,11335,680100,314188.06,994288.06,False,False,0.378,3.5,4.5
2023-03-06,雁塔区,小雁塔,4A,6416,192480,88943.32,281423.32,False,False,0.642,4.2,4.5
2023-03-06,雁塔区,大唐芙蓉园,5A,24072,2888640,1581163.91,4469803.91,False,False,0.688,3.9,4.3
2023-03-06,长安区,兵马俑,5A,36425,5463750,4355884.37,9819634.37,False,False,0.56,2.9,4.3
2023-03-06,长安区,华清宫,5A,8251,990120,433228.34,1423348.34,False,False,0.33,2.9,4.8
2023-03-06,曲江新区,曲江海洋极地公园,4A,7175,1148000,704944.09,1852944.09,False,False,0.359,3.5,4.2
2023-03-06,曲江新区,大唐不夜城,4A,37859,0,2968358.48,2968358.48,False,False,0.473,2.8,4.3
2023-03-07,碑林区,大雁塔,5A,40895,2044750,1059113.69,3103863.69,False,False,0.818,4.8,4.3
2023-03-07,碑林区,陕西历史博物馆,4A,13539,0,871057.89,871057.89,False,False,0.677,4.7,4.7
2023-03-07,碑林区,钟鼓楼,4A,12332,369960,141212.87,511172.87,False,False,0.822,4.2,4.1
2023-03-07,莲湖区,回民街,4A,70895,0,7142069.15,7142069.15,False,False,0.709,2.2,4.5
2023-03-07,莲湖区,西安城墙,5A,33736,1821744,1345654.78,3167398.78,False,False,0.843,5.0,4.3
2023-03-07,新城区,大明宫国家遗址公园,4A,11596,695760,278692.11,974452.11,False,False,0.387,2.9,4.2
2023-03-07,雁塔区,小雁塔,4A,5604,168120,58506.05,226626.05,False,False,0.56,3.4,4.7
2023-03-07,雁塔区,大唐芙蓉园,5A,18806,2256720,1727656.78,3984376.78,False,False,0.537,3.3,4.2
2023-03-07,长安区,兵马俑,5A,40262,6039300,1846446.29,7885746.29,False,False,0.619,4.1,4.6
2023-03-07,长安区,华清宫,5A,10193,1223160,636689.97,1859849.97,False,False,0.408,2.2,4.8
2023-03-07,曲江新区,曲江海洋极地公园,4A,7360,1177600,666154.82,1843754.82,False,False,0.368,4.0,4.4
2023-03-07,曲江新区,大唐不夜城,4A,54175,0,4652289.01,4652289.01,False,False,0.677,4.1,4.4
2023-03-08,碑林区,大雁塔,5A,21648,1082400,852283.06,1934683.06,False,False,0.433,4.9,4.1
2023-03-08,碑林区,陕西历史博物馆,4A,12676,0,1775602.27,1775602.27,False,False,0.634,4.2,4.2
2023-03-08,碑林区,钟鼓楼,4A,9780,293400,200503.25,493903.25,False,False,0.652,3.8,4.8
2023-03-08,莲湖区,回民街,4A,68594,0,5832782.25,5832782.25,False,False,0.686,2.5,4.4
2023-03-08,莲湖区,西安城墙,5A,16142,871668,667824.64,1539492.64,False,False,0.404,3.9,4.3
2023-03-08,新城区,大明宫国家遗址公园,4A,28007,1680420,912400.88,2592820.88,False,False,0.934,3.4,4.8
2023-03-08,雁塔区,小雁塔,4A,7741,232230,146542.15,378772.15,False,False,0.774,4.6,4.3
2023-03-08,雁塔区,大唐芙蓉园,5A,16619,1994280,1138015.26,3132295.26,False,False,0.475,3.2,4.2
2023-03-08,长安区,兵马俑,5A,59535,8930250,5618730.13,14548980.13,False,False,0.916,4.8,4.5
2023-03-08,长安区,华清宫,5A,13137,1576440,879866.7,2456306.7,False,False,0.525,4.4,4.9
2023-03-08,曲江新区,曲江海洋极地公园,4A,7886,1261760,533974.53,1795734.53,False,False,0.394,3.1,4.7
2023-03-08,曲江新区,大唐不夜城,4A,65477,0,5595689.72,5595689.72,False,False,0.818,4.0,4.3
2023-03-09,碑林区,大雁塔,5A,26404,1320200,969770.09,2289970.09,False,False,0.528,3.9,4.4
2023-03-09,碑林区,陕西历史博物馆,4A,7894,0,457332.28,457332.28,False,False,0.395,4.6,4.3
2023-03-09,碑林区,钟鼓楼,4A,8505,255150,84141.93,339291.93,False,False,0.567,3.0,4.1
2023-03-09,莲湖区,回民街,4A,44207,0,3062811.38,3062811.38,False,False,0.442,3.2,4.7
2023-03-09,莲湖区,西安城墙,5A,26776,1445904,679686.93,2125590.93,False,False,0.669,3.7,4.4
2023-03-09,新城区,大明宫国家遗址公园,4A,9667,580020,386397.17,966417.17,False,False,0.322,4.7,4.6
2023-03-09,雁塔区,小雁塔,4A,3078,92340,52367.36,144707.36,False,False,0.308,4.8,4.3
2023-03-09,雁塔区,大唐芙蓉园,5A,19553,2346360,1434080.55,3780440.55,False,False,0.559,3.7,4.2
2023-03-09,长安区,兵马俑,5A,21993,3298950,1821323.39,5120273.39,False,False,0.338,3.2,4.3
2023-03-09,长安区,华清宫,5A,9405,1128600,514847.16,1643447.16,False,False,0.376,3.3,4.5
2023-03-09,曲江新区,曲江海洋极地公园,4A,5310,849600,325668.23,1175268.23,False,False,0.266,3.5,4.3
2023-03-09,曲江新区,大唐不夜城,4A,35398,0,4109864.57,4109864.57,False,False,0.442,4.1,4.9
2023-03-10,碑林区,大雁塔,5A,13416,670800,422845.46,1093645.46,False,False,0.268,2.5,4.8
2023-03-10,碑林区,陕西历史博物馆,4A,10392,0,1055394.27,1055394.27,False,False,0.52,2.6,4.5
2023-03-10,碑林区,钟鼓楼,4A,6142,184260,57947.5,242207.5,False,False,0.409,4.6,4.9
2023-03-10,莲湖区,回民街,4A,32219,0,2737533.18,2737533.18,False,False,0.322,3.5,4.2
2023-03-10,莲湖区,西安城墙,5A,17855,964170,376941.06,1341111.06,False,False,0.446,3.6,4.0
2023-03-10,新城区,大明宫国家遗址公园,4A,15832,949920,657652.56,1607572.56,False,False,0.528,2.6,4.4
2023-03-10,雁塔区,小雁塔,4A,4794,143820,108502.82,252322.82,False,False,0.479,3.3,4.8
2023-03-10,雁塔区,大唐芙蓉园,5A,8799,1055880,322260.96,1378140.96,False,False,0.251,2.4,4.8
2023-03-10,长安区,兵马俑,5A,24612,3691800,1287021.42,4978821.42,False,False,0.379,4.7,4.1
2023-03-10,长安区,华清宫,5A,10786,1294320,410736.24,1705056.24,False,False,0.431,2.1,4.1
2023-03-10,曲江新区,曲江海洋极地公园,4A,4901,784160,460482.33,1244642.33,False,False,0.245,4.7,4.4
2023-03-10,曲江新区,大唐不夜城,4A,21794,0,1131960.21,1131960.21,False,False,0.272,3.4,4.7
2023-03-11,碑林区,大雁塔,5A,38451,1922550,1007550.49,2930100.49,True,False,0.769,3.4,4.1
2023-03-11,碑林区,陕西历史博物馆,4A,10048,0,878021.16,878021.16,True,False,0.502,3.9,4.3
2023-03-11,碑林区,钟鼓楼,4A,9058,271740,169854.32,441594.32,True,False,0.604,2.6,4.2
2023-03-11,莲湖区,回民街,4A,53000,0,6898981.3,6898981.3,True,False,0.53,2.4,4.9
2023-03-11,莲湖区,西安城墙,5A,39932,2156328,1187910.3,3344238.3,True,False,0.998,4.1,4.0
2023-03-11,新城区,大明宫国家遗址公园,4A,30000,1800000,1345842.9,3145842.9,True,False,1.0,4.9,4.7
2023-03-11,雁塔区,小雁塔,4A,10000,300000,206559.9,506559.9,True,False,1.0,3.8,4.5
2023-03-11,雁塔区,大唐芙蓉园,5A,35000,4200000,2923789.3,7123789.3,True,False,1.0,4.8,4.2
2023-03-11,长安区,兵马俑,5A,32881,4932150,3749049.85,8681199.85,True,False,0.506,4.7,4.3
2023-03-11,长安区,华清宫,5A,25000,3000000,1823713.52,4823713.52,True,False,1.0,4.1,4.0
2023-03-11,曲江新区,曲江海洋极地公园,4A,17139,2742240,1101449.32,3843689.32,True,False,0.857,3.7,4.6
2023-03-11,曲江新区,大唐不夜城,4A,39184,0,3478662.68,3478662.68,True,False,0.49,3.1,4.6
2023-03-12,碑林区,大雁塔,5A,22970,1148500,722643.38,1871143.38,True,False,0.459,4.0,4.9
2023-03-12,碑林区,陕西历史博物馆,4A,9625,0,1149484.71,1149484.71,True,False,0.481,3.9,4.6
2023-03-12,碑林区,钟鼓楼,4A,8640,259200,181593.46,440793.46,True,False,0.576,4.3,4.3
2023-03-12,莲湖区,回民街,4A,75253,0,7958994.23,7958994.23,True,False,0.753,3.4,4.5
2023-03-12,莲湖区,西安城墙,5A,21177,1143558,474888.15,1618446.15,True,False,0.529,4.4,4.6
2023-03-12,新城区,大明宫国家遗址公园,4A,27160,1629600,648064.81,2277664.81,True,False,0.905,4.3,4.2
2023-03-12,雁塔区,小雁塔,4A,3607,108210,66200.69,174410.69,True,False,0.361,5.0,4.3
2023-03-12,雁塔区,大唐芙蓉园,5A,25389,3046680,1437178.96,4483858.96,True,False,0.725,2.2,4.5
2023-03-12,长安区,兵马俑,5A,45056,6758400,2746303.69,9504703.69,True,False,0.693,2.9,4.6
2023-03-12,长安区,华清宫,5A,16745,2009400,1006586.8,3015986.8,True,False,0.67,3.2,4.2
2023-03-12,曲江新区,曲江海洋极地公园,4A,8395,1343200,943405.81,2286605.81,True,False,0.42,2.8,4.2
2023-03-12,曲江新区,大唐不夜城,4A,65729,0,3814747.54,3814747.54,True,False,0.822,4.6,4.9
2023-03-13,碑林区,大雁塔,5A,30886,1544300,741065.85,2285365.85,False,False,0.618,3.3,4.3
2023-03-13,碑林区,陕西历史博物馆,4A,7411,0,1040709.9,1040709.9,False,False,0.371,4.2,4.4
2023-03-13,碑林区,钟鼓楼,4A,7927,237810,132303.71,370113.71,False,False,0.528,4.2,4.9
2023-03-13,莲湖区,回民街,4A,58512,0,5869909.45,5869909.45,False,False,0.585,3.5,4.4
2023-03-13,莲湖区,西安城墙,5A,24273,1310742,881132.45,2191874.45,False,False,0.607,2.1,4.4
2023-03-13,新城区,大明宫国家遗址公园,4A,16895,1013700,440911.51,1454611.51,False,False,0.563,4.7,4.2
2023-03-13,雁塔区,小雁塔,4A,3142,94260,66423.2,160683.2,False,False,0.314,2.4,4.5
2023-03-13,雁塔区,大唐芙蓉园,5A,11389,1366680,988858.09,2355538.09,False,False,0.325,2.5,4.3
2023-03-13,长安区,兵马俑,5A,15919,2387850,1081153.9,3469003.9,False,False,0.245,4.3,4.6
2023-03-13,长安区,华清宫,5A,12595,1511400,1078640.43,2590040.43,False,False,0.504,3.4,4.8
2023-03-13,曲江新区,曲江海洋极地公园,4A,9136,1461760,802948.77,2264708.77,False,False,0.457,2.8,4.1
2023-03-13,曲江新区,大唐不夜城,4A,44161,0,2607503.27,2607503.27,False,False,0.552,2.8,4.2
2023-03-14,碑林区,大雁塔,5A,13114,655700,506031.98,1161731.98,False,False,0.262,2.4,4.0
2023-03-14,碑林区,陕西历史博物馆,4A,12163,0,1091376.66,1091376.66,False,False,0.608,3.4,4.1
2023-03-14,碑林区,钟鼓楼,4A,5275,158250,102531.35,260781.35,False,False,0.352,3.0,4.4
2023-03-14,莲湖区,回民街,4A,57105,0,6620589.74,6620589.74,False,False,0.571,4.0,4.0
2023-03-14,莲湖区,西安城墙,5A,24735,1335690,702411.27,2038101.27,False,False,0.618,3.5,4.3
2023-03-14,新城区,大明宫国家遗址公园,4A,18374,1102440,846273.25,1948713.25,False,False,0.612,4.5,4.6
2023-03-14,雁塔区,小雁塔,4A,4275,128250,68675.25,196925.25,False,False,0.427,3.9,4.4
2023-03-14,雁塔区,大唐芙蓉园,5A,11319,1358280,530625.96,1888905.96,False,False,0.323,4.8,4.5
2023-03-14,长安区,兵马俑,5A,15253,2287950,1488368.01,3776318.01,False,False,0.235,3.4,4.4
2023-03-14,长安区,华清宫,5A,13980,1677600,913042.73,2590642.73,False,False,0.559,3.4,4.8
2023-03-14,曲江新区,曲江海洋极地公园,4A,9561,1529760,891526.22,2421286.22,False,False,0.478,2.9,4.3
2023-03-14,曲江新区,大唐不夜城,4A,38190,0,2527136.39,2527136.39,False,False,0.477,2.7,4.1
2023-03-15,碑林区,大雁塔,5A,20456,1022800,549656.47,1572456.47,False,False,0.409,4.6,4.6
2023-03-15,碑林区,陕西历史博物馆,4A,7729,0,706397.08,706397.08,False,False,0.386,2.6,4.0
2023-03-15,碑林区,钟鼓楼,4A,6502,195060,135792.74,330852.74,False,False,0.433,3.6,4.6
2023-03-15,莲湖区,回民街,4A,29386,0,4312275.38,4312275.38,False,False,0.294,2.5,4.8
2023-03-15,莲湖区,西安城墙,5A,24112,1302048,673452.39,1975500.39,False,False,0.603,3.5,4.5
2023-03-15,新城区,大明宫国家遗址公园,4A,13035,782100,265443.51,1047543.51,False,False,0.434,4.9,4.4
2023-03-15,雁塔区,小雁塔,4A,6211,186330,109268.07,295598.07,False,False,0.621,2.4,4.4
2023-03-15,雁塔区,大唐芙蓉园,5A,9690,1162800,806197.06,1968997.06,False,False,0.277,4.4,4.6
2023-03-15,长安区,兵马俑,5A,37538,5630700,4306384.17,9937084.17,False,False,0.578,4.7,4.1
2023-03-15,长安区,华清宫,5A,14293,1715160,773308.72,2488468.72,False,False,0.572,3.3,4.2
2023-03-15,曲江新区,曲江海洋极地公园,4A,7372,1179520,727136.04,1906656.04,False,False,0.369,2.4,4.6
2023-03-15,曲江新区,大唐不夜城,4A,31322,0,3815891.78,3815891.78,False,False,0.392,4.9,4.0
2023-03-16,碑林区,大雁塔,5A,28514,1425700,433911.46,1859611.46,False,False,0.57,3.2,4.2
2023-03-16,碑林区,陕西历史博物馆,4A,14559,0,1385480.18,1385480.18,False,False,0.728,3.3,4.6
2023-03-16,碑林区,钟鼓楼,4A,10043,301290,153420.89,454710.89,False,False,0.67,2.5,4.7
2023-03-16,莲湖区,回民街,4A,78761,0,6305212.38,6305212.38,False,False,0.788,3.8,4.5
2023-03-16,莲湖区,西安城墙,5A,32376,1748304,1151383.56,2899687.56,False,False,0.809,3.5,4.8
2023-03-16,新城区,大明宫国家遗址公园,4A,23169,1390140,973134.41,2363274.41,False,False,0.772,2.9,4.5
2023-03-16,雁塔区,小雁塔,4A,7256,217680,96393.28,314073.28,False,False,0.726,3.1,4.3
2023-03-16,雁塔区,大唐芙蓉园,5A,11658,1398960,845326.97,2244286.97,False,False,0.333,4.8,4.5
2023-03-16,长安区,兵马俑,5A,35865,5379750,3275445.6,8655195.6,False,False,0.552,4.1,4.0
2023-03-16,长安区,华清宫,5A,19170,2300400,1340032.81,3640432.81,False,False,0.767,3.4,4.8
2023-03-16,曲江新区,曲江海洋极地公园,4A,13339,2134240,1317781.67,3452021.67,False,False,0.667,4.5,4.8
2023-03-16,曲江新区,大唐不夜城,4A,63127,0,7967773.66,7967773.66,False,False,0.789,3.4,4.1
2023-03-17,碑林区,大雁塔,5A,33353,1667650,678963.66,2346613.66,False,False,0.667,3.1,4.3
2023-03-17,碑林区,陕西历史博物馆,4A,10489,0,726981.35,726981.35,False,False,0.524,2.8,4.1
2023-03-17,碑林区,钟鼓楼,4A,10162,304860,213053.89,517913.89,False,False,0.677,4.0,4.3
2023-03-17,莲湖区,回民街,4A,39741,0,5929202.79,5929202.79,False,False,0.397,2.6,4.5
2023-03-17,莲湖区,西安城墙,5A,22421,1210734,527418.38,1738152.38,False,False,0.561,3.5,4.7
2023-03-17,新城区,大明宫国家遗址公园,4A,20756,1245360,468231.08,1713591.08,False,False,0.692,4.4,4.6
2023-03-17,雁塔区,小雁塔,4A,7378,221340,103029.13,324369.13,False,False,0.738,2.1,4.8
2023-03-17,雁塔区,大唐芙蓉园,5A,15488,1858560,949999.04,2808559.04,False,False,0.443,4.1,4.6
2023-03-17,长安区,兵马俑,5A,30492,4573800,2996663.5,7570463.5,False,False,0.469,3.0,4.5
2023-03-17,长安区,华清宫,5A,10296,1235520,375618.58,1611138.58,False,False,0.412,2.1,4.8
2023-03-17,曲江新区,曲江海洋极地公园,4A,9544,1527040,528361.1,2055401.1,False,False,0.477,2.4,4.5
2023-03-17,曲江新区,大唐不夜城,4A,31186,0,3650726.81,3650726.81,False,False,0.39,4.5,4.6
2023-03-18,碑林区,大雁塔,5A,43423,2171150,1678535.22,3849685.22,True,False,0.868,3.6,4.2
2023-03-18,碑林区,陕西历史博物馆,4A,10761,0,976743.13,976743.13,True,False,0.538,3.4,4.1
2023-03-18,碑林区,钟鼓楼,4A,11922,357660,203253.95,560913.95,True,False,0.795,2.3,4.4
2023-03-18,莲湖区,回民街,4A,67856,0,6240221.07,6240221.07,True,False,0.679,2.9,4.3
2023-03-18,莲湖区,西安城墙,5A,40000,2160000,860490.41,3020490.41,True,False,1.0,2.7,4.6
2023-03-18,新城区,大明宫国家遗址公园,4A,30000,1800000,1129641.87,2929641.87,True,False,1.0,3.4,4.2
2023-03-18,雁塔区,小雁塔,4A,10000,300000,218217.79,518217.79,True,False,1.0,3.0,4.1
2023-03-18,雁塔区,大唐芙蓉园,5A,31854,3822480,1879549.22,5702029.22,True,False,0.91,3.0,4.6
2023-03-18,长安区,兵马俑,5A,46273,6940950,2409578.88,9350528.88,True,False,0.712,3.9,4.4
2023-03-18,长安区,华清宫,5A,24049,2885880,1876219.92,4762099.92,True,False,0.962,5.0,4.1
2023-03-18,曲江新区,曲江海洋极地公园,4A,16227,2596320,1395180.7,3991500.7,True,False,0.811,3.4,4.2
2023-03-18,曲江新区,大唐不夜城,4A,49921,0,6804307.74,6804307.74,True,False,0.624,3.3,4.9
2023-03-19,碑林区,大雁塔,5A,27807,1390350,862629.48,2252979.48,True,False,0.556,4.6,4.6
2023-03-19,碑林区,陕西历史博物馆,4A,20000,0,2579316.45,2579316.45,True,False,1.0,3.7,4.8
2023-03-19,碑林区,钟鼓楼,4A,7719,231570,149968.39,381538.39,True,False,0.515,4.3,4.4
2023-03-19,莲湖区,回民街,4A,41771,0,3626306.48,3626306.48,True,False,0.418,4.9,4.8
2023-03-19,莲湖区,西安城墙,5A,27540,1487160,1135669.76,2622829.76,True,False,0.689,3.1,4.1
2023-03-19,新城区,大明宫国家遗址公园,4A,25439,1526340,1197312.17,2723652.17,True,False,0.848,2.5,4.6
2023-03-19,雁塔区,小雁塔,4A,5151,154530,52617.76,207147.76,True,False,0.515,4.5,4.3
2023-03-19,雁塔区,大唐芙蓉园,5A,22400,2688000,1332236.44,4020236.44,True,False,0.64,4.9,4.2
2023-03-19,长安区,兵马俑,5A,58962,8844300,4529687.25,13373987.25,True,False,0.907,3.3,4.7
2023-03-19,长安区,华清宫,5A,18614,2233680,1119154.96,3352834.96,True,False,0.745,3.5,4.6
2023-03-19,曲江新区,曲江海洋极地公园,4A,20000,3200000,2041626.05,5241626.05,True,False,1.0,4.3,4.8
2023-03-19,曲江新区,大唐不夜城,4A,78192,0,5174615.82,5174615.82,True,False,0.977,3.2,4.2
2023-03-20,碑林区,大雁塔,5A,24893,1244650,819941.82,2064591.82,False,False,0.498,2.7,4.4
2023-03-20,碑林区,陕西历史博物馆,4A,5179,0,744314.78,744314.78,False,False,0.259,4.0,4.2
2023-03-20,碑林区,钟鼓楼,4A,5792,173760,133948.49,307708.49,False,False,0.386,3.2,4.8
2023-03-20,莲湖区,回民街,4A,48931,0,3525468.54,3525468.54,False,False,0.489,4.7,4.4
2023-03-20,莲湖区,西安城墙,5A,17799,961146,523558.28,1484704.28,False,False,0.445,2.2,4.3
2023-03-20,新城区,大明宫国家遗址公园,4A,8249,494940,177444.57,672384.57,False,False,0.275,2.7,4.2
2023-03-20,雁塔区,小雁塔,4A,2677,80310,39296.38,119606.38,False,False,0.268,2.7,4.9
2023-03-20,雁塔区,大唐芙蓉园,5A,9875,1185000,819710.94,2004710.94,False,False,0.282,4.7,4.1
2023-03-20,长安区,兵马俑,5A,17945,2691750,1818623.96,4510373.96,False,False,0.276,3.5,4.5
2023-03-20,长安区,华清宫,5A,13443,1613160,897720.65,2510880.65,False,False,0.538,2.1,4.8
2023-03-20,曲江新区,曲江海洋极地公园,4A,4607,737120,308098.78,1045218.78,False,False,0.23,2.3,4.2
2023-03-20,曲江新区,大唐不夜城,4A,25103,0,2012188.14,2012188.14,False,False,0.314,3.7,4.2
2023-03-21,碑林区,大雁塔,5A,26725,1336250,1002361.55,2338611.55,False,False,0.534,4.8,4.5
2023-03-21,碑林区,陕西历史博物馆,4A,7242,0,988067.17,988067.17,False,False,0.362,3.3,4.6
2023-03-21,碑林区,钟鼓楼,4A,8310,249300,114422.37,363722.37,False,False,0.554,2.3,4.3
2023-03-21,莲湖区,回民街,4A,86527,0,12037463.86,12037463.86,False,False,0.865,4.3,4.8
2023-03-21,莲湖区,西安城墙,5A,32068,1731672,662663.26,2394335.26,False,False,0.802,2.1,4.7
2023-03-21,新城区,大明宫国家遗址公园,4A,19034,1142040,458604.09,1600644.09,False,False,0.634,3.7,4.0
2023-03-21,雁塔区,小雁塔,4A,4006,120180,75027.86,195207.86,False,False,0.401,4.8,4.4
2023-03-21,雁塔区,大唐芙蓉园,5A,23940,2872800,1226442.42,4099242.42,False,False,0.684,3.5,4.2
2023-03-21,长安区,兵马俑,5A,47223,7083450,3926234.46,11009684.46,False,False,0.727,3.8,4.1
2023-03-21,长安区,华清宫,5A,8716,1045920,390381.0,1436301.0,False,False,0.349,2.1,4.3
2023-03-21,曲江新区,曲江海洋极地公园,4A,16931,2708960,2135112.66,4844072.66,False,False,0.847,4.3,4.3
2023-03-21,曲江新区,大唐不夜城,4A,68400,0,6506163.53,6506163.53,False,False,0.855,2.7,4.9
2023-03-22,碑林区,大雁塔,5A,16759,837950,576245.63,1414195.63,False,False,0.335,4.7,4.5
2023-03-22,碑林区,陕西历史博物馆,4A,12678,0,1210369.37,1210369.37,False,False,0.634,3.5,4.5
2023-03-22,碑林区,钟鼓楼,4A,7349,220470,137322.45,357792.45,False,False,0.49,2.0,4.4
2023-03-22,莲湖区,回民街,4A,67071,0,8070726.04,8070726.04,False,False,0.671,2.9,4.2
2023-03-22,莲湖区,西安城墙,5A,28620,1545480,588883.26,2134363.26,False,False,0.716,3.2,4.6
2023-03-22,新城区,大明宫国家遗址公园,4A,9726,583560,396488.22,980048.22,False,False,0.324,3.2,4.8
2023-03-22,雁塔区,小雁塔,4A,3696,110880,54705.15,165585.15,False,False,0.37,2.5,4.8
2023-03-22,雁塔区,大唐芙蓉园,5A,25235,3028200,1817979.71,4846179.71,False,False,0.721,4.2,4.5
2023-03-22,长安区,兵马俑,5A,28805,4320750,1584419.51,5905169.51,False,False,0.443,4.5,4.8
2023-03-22,长安区,华清宫,5A,6990,838800,301927.76,1140727.76,False,False,0.28,4.5,4.8
2023-03-22,曲江新区,曲江海洋极地公园,4A,5565,890400,270786.43,1161186.43,False,False,0.278,2.4,4.0
2023-03-22,曲江新区,大唐不夜城,4A,55359,0,7238236.83,7238236.83,False,False,0.692,2.7,4.6
2023-03-23,碑林区,大雁塔,5A,24001,1200050,540172.26,1740222.26,False,False,0.48,2.8,4.9
2023-03-23,碑林区,陕西历史博物馆,4A,15213,0,1271157.92,1271157.92,False,False,0.761,2.1,4.7
2023-03-23,碑林区,钟鼓楼,4A,13244,397320,181927.53,579247.53,False,False,0.883,3.4,4.8
2023-03-23,莲湖区,回民街,4A,69340,0,9000759.09,9000759.09,False,False,0.693,4.2,4.4
2023-03-23,莲湖区,西安城墙,5A,22032,1189728,405069.17,1594797.17,False,False,0.551,2.5,4.3
2023-03-23,新城区,大明宫国家遗址公园,4A,23663,1419780,1021951.8,2441731.8,False,False,0.789,3.4,4.1
2023-03-23,雁塔区,小雁塔,4A,7335,220050,112437.14,332487.14,False,False,0.734,3.5,4.5
2023-03-23,雁塔区,大唐芙蓉园,5A,20450,2454000,939046.23,3393046.23,False,False,0.584,2.0,4.7
2023-03-23,长安区,兵马俑,5A,34779,5216850,1767649.88,6984499.88,False,False,0.535,2.9,4.6
2023-03-23,长安区,华清宫,5A,17819,2138280,1397975.84,3536255.84,False,False,0.713,3.9,4.6
2023-03-23,曲江新区,曲江海洋极地公园,4A,8444,1351040,415835.64,1766875.64,False,False,0.422,3.2,4.4
2023-03-23,曲江新区,大唐不夜城,4A,74729,0,4489818.59,4489818.59,False,False,0.934,4.9,4.4
2023-03-24,碑林区,大雁塔,5A,13948,697400,241952.0,939352.0,False,False,0.279,3.6,4.2
2023-03-24,碑林区,陕西历史博物馆,4A,6500,0,688254.49,688254.49,False,False,0.325,2.3,4.4
2023-03-24,碑林区,钟鼓楼,4A,6879,206370,105490.26,311860.26,False,False,0.459,3.6,4.8
2023-03-24,莲湖区,回民街,4A,32533,0,3336011.44,3336011.44,False,False,0.325,4.7,4.6
2023-03-24,莲湖区,西安城墙,5A,18605,1004670,440331.3,1445001.3,False,False,0.465,3.1,4.9
2023-03-24,新城区,大明宫国家遗址公园,4A,9915,594900,311484.75,906384.75,False,False,0.331,2.8,4.6
2023-03-24,雁塔区,小雁塔,4A,4583,137490,109024.19,246514.19,False,False,0.458,3.2,4.3
2023-03-24,雁塔区,大唐芙蓉园,5A,12466,1495920,567458.56,2063378.56,False,False,0.356,4.1,4.4
2023-03-24,长安区,兵马俑,5A,33155,4973250,2228325.22,7201575.22,False,False,0.51,2.9,4.5
2023-03-24,长安区,华清宫,5A,8301,996120,661791.21,1657911.21,False,False,0.332,2.7,4.1
2023-03-24,曲江新区,曲江海洋极地公园,4A,7456,1192960,730605.49,1923565.49,False,False,0.373,4.0,4.9
2023-03-24,曲江新区,大唐不夜城,4A,18543,0,2361203.02,2361203.02,False,False,0.232,2.4,4.6
2023-03-25,碑林区,大雁塔,5A,21842,1092100,854512.83,1946612.83,True,False,0.437,2.8,4.1
2023-03-25,碑林区,陕西历史博物馆,4A,12878,0,1346719.26,1346719.26,True,False,0.644,2.9,4.6
2023-03-25,碑林区,钟鼓楼,4A,10929,327870,149733.02,477603.02,True,False,0.729,4.5,4.9
2023-03-25,莲湖区,回民街,4A,92564,0,12612073.33,12612073.33,True,False,0.926,4.9,4.0
2023-03-25,莲湖区,西安城墙,5A,25276,1364904,1042602.9,2407506.9,True,False,0.632,3.3,4.8
2023-03-25,新城区,大明宫国家遗址公园,4A,13722,823320,265582.1,1088902.1,True,False,0.457,3.7,4.3
2023-03-25,雁塔区,小雁塔,4A,4712,141360,58859.87,200219.87,True,False,0.471,3.6,4.3
2023-03-25,雁塔区,大唐芙蓉园,5A,14725,1767000,1053194.64,2820194.64,True,False,0.421,2.8,4.3
2023-03-25,长安区,兵马俑,5A,26085,3912750,1556419.42,5469169.42,True,False,0.401,2.6,4.1
2023-03-25,长安区,华清宫,5A,9463,1135560,885036.65,2020596.65,True,False,0.379,3.4,4.9
2023-03-25,曲江新区,曲江海洋极地公园,4A,10481,1676960,1032540.68,2709500.68,True,False,0.524,4.1,4.5
2023-03-25,曲江新区,大唐不夜城,4A,43150,0,2748592.35,2748592.35,True,False,0.539,2.1,4.2
2023-03-26,碑林区,大雁塔,5A,27165,1358250,920263.73,2278513.73,True,False,0.543,3.2,4.6
2023-03-26,碑林区,陕西历史博物馆,4A,14419,0,930412.4,930412.4,True,False,0.721,2.8,4.2
2023-03-26,碑林区,钟鼓楼,4A,9518,285540,136763.44,422303.44,True,False,0.635,2.1,4.2
2023-03-26,莲湖区,回民街,4A,88267,0,5975361.51,5975361.51,True,False,0.883,3.7,4.7
2023-03-26,莲湖区,西安城墙,5A,19489,1052406,326598.86,1379004.86,True,False,0.487,3.5,4.7
2023-03-26,新城区,大明宫国家遗址公园,4A,22641,1358460,918258.15,2276718.15,True,False,0.755,5.0,4.8
2023-03-26,雁塔区,小雁塔,4A,7878,236340,85017.33,321357.33,True,False,0.788,2.2,4.2
2023-03-26,雁塔区,大唐芙蓉园,5A,21159,2539080,1565280.97,4104360.97,True,False,0.605,3.7,4.6
2023-03-26,长安区,兵马俑,5A,31049,4657350,3023089.2,7680439.2,True,False,0.478,4.8,4.1
2023-03-26,长安区,华清宫,5A,16076,1929120,1190379.05,3119499.05,True,False,0.643,2.2,4.2
2023-03-26,曲江新区,曲江海洋极地公园,4A,9899,1583840,711296.96,2295136.96,True,False,0.495,4.6,4.5
2023-03-26,曲江新区,大唐不夜城,4A,36231,0,4678174.26,4678174.26,True,False,0.453,3.3,4.7
2023-03-27,碑林区,大雁塔,5A,33597,1679850,555019.73,2234869.73,False,False,0.672,5.0,4.0
2023-03-27,碑林区,陕西历史博物馆,4A,16772,0,2230381.18,2230381.18,False,False,0.839,5.0,4.4
2023-03-27,碑林区,钟鼓楼,4A,7252,217560,96083.47,313643.47,False,False,0.483,2.4,4.6
2023-03-27,莲湖区,回民街,4A,62558,0,5942953.37,5942953.37,False,False,0.626,2.4,4.8
2023-03-27,莲湖区,西安城墙,5A,32162,1736748,658444.69,2395192.69,False,False,0.804,3.8,4.7
2023-03-27,新城区,大明宫国家遗址公园,4A,25275,1516500,1093022.09,2609522.09,False,False,0.843,3.0,4.3
2023-03-27,雁塔区,小雁塔,4A,6182,185460,57173.91,242633.91,False,False,0.618,3.6,4.4
2023-03-27,雁塔区,大唐芙蓉园,5A,28550,3426000,2294541.18,5720541.18,False,False,0.816,4.5,4.7
2023-03-27,长安区,兵马俑,5A,26645,3996750,1640193.32,5636943.32,False,False,0.41,4.9,4.7
2023-03-27,长安区,华清宫,5A,16478,1977360,984884.22,2962244.22,False,False,0.659,3.5,4.8
2023-03-27,曲江新区,曲江海洋极地公园,4A,9974,1595840,1011403.85,2607243.85,False,False,0.499,4.6,4.6
2023-03-27,曲江新区,大唐不夜城,4A,67483,0,7460503.79,7460503.79,False,False,0.844,3.3,4.6
2023-03-28,碑林区,大雁塔,5A,22944,1147200,901782.42,2048982.42,False,False,0.459,4.1,4.1
2023-03-28,碑林区,陕西历史博物馆,4A,7824,0,864194.67,864194.67,False,False,0.391,2.6,4.7
2023-03-28,碑林区,钟鼓楼,4A,4969,149070,58708.81,207778.81,False,False,0.331,2.4,4.8
2023-03-28,莲湖区,回民街,4A,36994,0,2412058.19,2412058.19,False,False,0.37,4.3,4.4
2023-03-28,莲湖区,西安城墙,5A,18970,1024380,759977.44,1784357.44,False,False,0.474,3.0,4.5
2023-03-28,新城区,大明宫国家遗址公园,4A,8844,530640,315540.67,846180.67,False,False,0.295,4.8,4.5
2023-03-28,雁塔区,小雁塔,4A,5588,167640,73428.64,241068.64,False,False,0.559,3.3,4.0
2023-03-28,雁塔区,大唐芙蓉园,5A,14360,1723200,1061214.26,2784414.26,False,False,0.41,2.4,4.5
2023-03-28,长安区,兵马俑,5A,26206,3930900,2151348.82,6082248.82,False,False,0.403,3.0,4.0
2023-03-28,长安区,华清宫,5A,10901,1308120,507392.25,1815512.25,False,False,0.436,3.8,4.1
2023-03-28,曲江新区,曲江海洋极地公园,4A,10854,1736640,919469.9,2656109.9,False,False,0.543,2.8,4.8
2023-03-28,曲江新区,大唐不夜城,4A,24148,0,2221293.13,2221293.13,False,False,0.302,4.5,4.4
2023-03-29,碑林区,大雁塔,5A,18432,921600,592831.03,1514431.03,False,False,0.369,3.3,4.2
2023-03-29,碑林区,陕西历史博物馆,4A,6636,0,524477.35,524477.35,False,False,0.332,2.7,4.6
2023-03-29,碑林区,钟鼓楼,4A,8465,253950,195208.71,449158.71,False,False,0.564,3.2,4.6
2023-03-29,莲湖区,回民街,4A,27782,0,2280602.0,2280602.0,False,False,0.278,3.6,4.5
2023-03-29,莲湖区,西安城墙,5A,21357,1153278,404977.0,1558255.0,False,False,0.534,3.8,4.0
2023-03-29,新城区,大明宫国家遗址公园,4A,7288,437280,251525.78,688805.78,False,False,0.243,2.1,4.1
2023-03-29,雁塔区,小雁塔,4A,3233,96990,51018.2,148008.2,False,False,0.323,3.4,4.2
2023-03-29,雁塔区,大唐芙蓉园,5A,13221,1586520,848031.74,2434551.74,False,False,0.378,2.1,4.2
2023-03-29,长安区,兵马俑,5A,26018,3902700,2913812.69,6816512.69,False,False,0.4,4.4,4.9
2023-03-29,长安区,华清宫,5A,12259,1471080,1068273.48,2539353.48,False,False,0.49,4.7,4.6
2023-03-29,曲江新区,曲江海洋极地公园,4A,9434,1509440,820111.51,2329551.51,False,False,0.472,3.5,4.4
2023-03-29,曲江新区,大唐不夜城,4A,25996,0,3300796.65,3300796.65,False,False,0.325,2.4,4.3
2023-03-30,碑林区,大雁塔,5A,29478,1473900,1030118.01,2504018.01,False,False,0.59,2.5,4.1
2023-03-30,碑林区,陕西历史博物馆,4A,6176,0,313505.18,313505.18,False,False,0.309,3.4,4.6
2023-03-30,碑林区,钟鼓楼,4A,7963,238890,90092.54,328982.54,False,False,0.531,3.1,4.3
2023-03-30,莲湖区,回民街,4A,40995,0,2219498.77,2219498.77,False,False,0.41,3.0,4.6
2023-03-30,莲湖区,西安城墙,5A,20091,1084914,733589.78,1818503.78,False,False,0.502,2.2,4.1
2023-03-30,新城区,大明宫国家遗址公园,4A,20667,1240020,682341.01,1922361.01,False,False,0.689,3.8,4.4
2023-03-30,雁塔区,小雁塔,4A,7957,238710,161950.69,400660.69,False,False,0.796,3.5,4.7
2023-03-30,雁塔区,大唐芙蓉园,5A,14192,1703040,1257101.88,2960141.88,False,False,0.405,2.2,4.7
2023-03-30,长安区,兵马俑,5A,52110,7816500,4762542.21,12579042.21,False,False,0.802,4.5,4.6
2023-03-30,长安区,华清宫,5A,10129,1215480,938773.57,2154253.57,False,False,0.405,4.5,4.5
2023-03-30,曲江新区,曲江海洋极地公园,4A,12374,1979840,1536969.28,3516809.28,False,False,0.619,4.7,4.7
2023-03-30,曲江新区,大唐不夜城,4A,62632,0,7198409.41,7198409.41,False,False,0.783,4.4,4.8
2023-03-31,碑林区,大雁塔,5A,23310,1165500,765646.94,1931146.94,False,False,0.466,3.7,4.3
2023-03-31,碑林区,陕西历史博物馆,4A,10744,0,716006.55,716006.55,False,False,0.537,2.0,4.9
2023-03-31,碑林区,钟鼓楼,4A,10434,313020,128074.36,441094.36,False,False,0.696,2.1,4.5
2023-03-31,莲湖区,回民街,4A,47302,0,5395154.14,5395154.14,False,False,0.473,4.5,4.8
2023-03-31,莲湖区,西安城墙,5A,21484,1160136,784365.18,1944501.18,False,False,0.537,2.4,4.1
2023-03-31,新城区,大明宫国家遗址公园,4A,14078,844680,371441.36,1216121.36,False,False,0.469,4.9,4.7
2023-03-31,雁塔区,小雁塔,4A,4337,130110,42790.16,172900.16,False,False,0.434,3.3,4.2
2023-03-31,雁塔区,大唐芙蓉园,5A,10169,1220280,634793.25,1855073.25,False,False,0.291,2.9,4.1
2023-03-31,长安区,兵马俑,5A,33153,4972950,3868134.15,8841084.15,False,False,0.51,4.4,4.6
2023-03-31,长安区,华清宫,5A,17584,2110080,943516.17,3053596.17,False,False,0.703,4.4,4.8
2023-03-31,曲江新区,曲江海洋极地公园,4A,5317,850720,635555.79,1486275.79,False,False,0.266,4.2,4.6
2023-03-31,曲江新区,大唐不夜城,4A,54817,0,3569317.74,3569317.74,False,False,0.685,2.2,4.7
